Date,Open,High,Low,Close,Adj Close,Volume
2021-01-04,4.75,4.775,4.2875,4.3125,4.3125,40090000
2021-01-05,4.3375,4.52,4.3075,4.3425,4.3425,19846000
2021-01-06,4.335,4.745,4.3325,4.59,4.59,24224800
2021-01-07,4.6175,4.8625,4.505,4.52,4.52,24517200
2021-01-08,4.545,4.575,4.27,4.4225,4.4225,25928000
2021-01-11,4.8525,5.1625,4.7525,4.985,4.985,59632000
2021-01-12,4.99,5.1,4.83,4.9875,4.9875,28242800
2021-01-13,5.105,9.6625,5.0075,7.85,7.85,578006800
2021-01-14,9.5225,10.765,8.2625,9.9775,9.9775,374869600
2021-01-15,9.6225,10.1875,8.5025,8.875,8.875,187465600
2021-01-19,10.3875,11.38,9.16,9.84,9.84,298887600
2021-01-20,9.3425,10.2975,9.015,9.78,9.78,133887200
2021-01-21,9.8075,11.1875,9.25,10.7575,10.7575,224867600
2021-01-22,10.6475,19.190001,10.58,16.252501,16.252501,788631600
2021-01-25,24.182501,39.794998,15.2825,19.1975,19.1975,711496000
2021-01-26,22.139999,37.5,20.049999,36.994999,36.994999,714352000
2021-01-27,88.707497,95,62.25,86.877502,86.877502,373586800
2021-01-28,66.25,120.75,28.0625,48.400002,48.400002,235263200
2021-01-29,94.927498,103.495003,62.5,81.25,81.25,202264400
2021-02-01,79.139999,80.5,53,56.25,56.25,149528800
2021-02-02,35.189999,39.5,18.555,22.5,22.5,312732400
2021-02-03,28.002501,28.35,21.3125,23.102501,23.102501,170794000
2021-02-04,22.797501,22.875,13.3325,13.375,13.375,249709200
2021-02-05,13.51,23.75,12.7725,15.9425,15.9425,325380000
2021-02-08,18.102501,18.165001,14.505,15,15,102749200
2021-02-09,14.1525,14.25,11.63,12.5775,12.5775,107372400
2021-02-10,12.6925,15.7075,11.6375,12.8,12.8,145820000
2021-02-11,12.5025,13.83,12.055,12.775,12.775,52226800
2021-02-12,12.6875,13.81,12.0125,13.1,13.1,58293200
2021-02-16,13.165,13.375,12.26,12.3775,12.3775,32700000
2021-02-17,12.4425,12.7975,11.14,11.485,11.485,36747200
2021-02-18,12.1225,12.2175,10.1625,10.1725,10.1725,95962400
2021-02-19,10.32,10.9725,9.625,10.1475,10.1475,59312800
2021-02-22,11.6725,12.1275,10.6,11.5,11.5,77904000
2021-02-23,11.2425,11.5575,10,11.2425,11.2425,30260800
2021-02-24,11.175,22.9275,11.175,22.9275,22.9275,332446800
2021-02-25,42.389999,46.169998,25.25,27.182501,27.182501,601235200
2021-02-26,29.365,35.724998,21.5,25.434999,25.434999,368776800
2021-03-01,26.135,33.497501,24.9925,30.1,30.1,199176000
2021-03-02,29.2325,33.299999,28.049999,29.545,29.545,135132000
2021-03-03,30.627501,31.9375,28.280001,31.045,31.045,77095600
2021-03-04,31.25,36.967499,28.825001,33.087502,33.087502,130427600
2021-03-05,32.0425,37.8825,31.875,34.435001,34.435001,122934800
2021-03-08,38.7225,52.717499,36.525002,48.625,48.625,254262400
2021-03-09,54.427502,62.462502,52.127499,61.724998,61.724998,156397200
2021-03-10,67.357498,87.125,43,66.25,66.25,286282400
2021-03-11,60.41,70.375,58.150002,65,65,113250000
2021-03-12,68.75,73.875,65.567497,66.125,66.125,103383600
2021-03-15,69.379997,70.75,51.5,55.035,55.035,96401600
2021-03-16,50.790001,55.174999,43.087502,52.0425,52.0425,141691600
2021-03-17,54.459999,57.8675,51,52.452499,52.452499,65926400
2021-03-18,53.5,54.720001,48.912498,50.4375,50.4375,47059600
2021-03-19,48.932499,56.75,45.665001,50.067501,50.067501,98709200
2021-03-22,51.314999,52.59,46.549999,48.622501,48.622501,40246000
2021-03-23,49.375,50.4375,44.387501,45.4375,45.4375,57716400
2021-03-24,39.494999,41.7425,29.655001,30.084999,30.084999,96711600
2021-03-25,30.872499,46.875,29.225,45.9375,45.9375,203849200
2021-03-26,49.419998,54.732498,40.814999,45.25,45.25,149722800
2021-03-29,45.1875,48.48,43.377499,45.325001,45.325001,40168800
2021-03-30,46.875,51.075001,45.5,48.615002,48.615002,68379600
2021-03-31,49.375,49.865002,46.7775,47.455002,47.455002,33575200
2021-04-01,48.34,49.2425,45.900002,47.862499,47.862499,37337200
2021-04-05,42.75,48.75,41.202499,46.737499,46.737499,56282000
2021-04-06,46.302502,48,45.889999,46.125,46.125,24873200
2021-04-07,45.805,46.125,44.0275,44.4925,44.4925,19073200
2021-04-08,46.470001,46.470001,41.075001,42.564999,42.564999,40189600
2021-04-09,42.424999,42.895,38.25,39.59,39.59,37849600
2021-04-12,39.5275,40.974998,33.752499,35.272499,35.272499,66734400
2021-04-13,35.470001,36.345001,33,35.247501,35.247501,27227600
2021-04-14,35.892502,43.522499,35.75,41.6325,41.6325,84552400
2021-04-15,40.75,41.5625,38.200001,39.110001,39.110001,31427200
2021-04-16,39,40.049999,37.8125,38.672501,38.672501,20858800
2021-04-19,42.950001,43.799999,40.5825,41.092499,41.092499,42080800
2021-04-20,41.035,41.2225,38.34,39.6325,39.6325,18634400
2021-04-21,39.599998,40.744999,38.98,39.627499,39.627499,15251200
2021-04-22,39.775002,39.775002,36.715,37.7925,37.7925,17383200
2021-04-23,37.25,38.415001,36.174999,37.794998,37.794998,16116400
2021-04-26,37.744999,43.669998,37.189999,42.232498,42.232498,42128400
2021-04-27,45.887501,47,43.2925,44.442501,44.442501,35730800
2021-04-28,43.025002,45.494999,41.5075,44.645,44.645,23155600
2021-04-29,44.139999,45.215,42.6875,44.047501,44.047501,15041200
2021-04-30,43.75,45.950001,43.174999,43.397499,43.397499,17734400
2021-05-03,44.372501,44.372501,39.9025,40.549999,40.549999,21044000
2021-05-04,39.75,40.372501,37.950001,40.182499,40.182499,16030000
2021-05-05,40.4575,41.375,39.5825,39.869999,39.869999,11221600
2021-05-06,40.215,41.18,38.900002,40.252499,40.252499,11771200
2021-05-07,40.0275,41.852501,39.375,40.2775,40.2775,11738400
2021-05-10,40.327499,40.397499,35.75,35.805,35.805,19226800
2021-05-11,34.25,37.625,34.125,36.73,36.73,18738400
2021-05-12,36.424999,37.625,35.557499,36.197498,36.197498,10926000
2021-05-13,36.860001,42.487499,36.607498,41.125,41.125,35494000
2021-05-14,40,41.6175,39.055,39.98,39.98,17174000
2021-05-17,39.962502,45.625,39.75,45.150002,45.150002,29848400
2021-05-18,43.634998,47.299999,42.067501,45.1675,45.1675,30954800
2021-05-19,42.997501,44.744999,41.037498,42.2075,42.2075,19303600
2021-05-20,42.697498,43.727501,41.724998,42.622501,42.622501,9912800
2021-05-21,42.75,44.810001,42.5825,44.197498,44.197498,14618800
2021-05-24,43.962502,47.115002,43.337502,45.002499,45.002499,18657200
2021-05-25,45.25,54.2775,45.25,52.357498,52.357498,59550000
2021-05-26,57.25,62.119999,56.387501,60.639999,60.639999,84479600
2021-05-27,57.450001,66,56.75,63.532501,63.532501,62105200
2021-05-28,65.7425,67.199997,55.357498,55.5,55.5,47005600
2021-06-01,58.369999,63.744999,56.767502,62.255001,62.255001,38502400
2021-06-02,62.220001,73.5,61.075001,70.559998,70.559998,64076800
2021-06-03,66.427498,68.607498,60.529999,64.544998,64.544998,32000000
2021-06-04,64.004997,66.25,61.442501,62.09,62.09,14550000
2021-06-07,64.5,70.5,63.799999,70.002502,70.002502,24206000
2021-06-08,73,86.165001,70.25,75,75,69756400
2021-06-09,75.779999,82,72.877502,75.639999,75.639999,53717200
2021-06-10,70.5,72,52.75,55.0975,55.0975,91920800
2021-06-11,55.587502,60.282501,51.532501,58.334999,58.334999,62323200
2021-06-14,59.125,59.502499,54.799999,57.360001,57.360001,28530400
2021-06-15,56.59,57.3125,52,55.625,55.625,29207600
2021-06-16,53.810001,57.182499,52.25,55.7425,55.7425,22259200
2021-06-17,56,58.415001,55.369999,55.897499,55.897499,18434400
2021-06-18,55.044998,55.872501,53.25,53.455002,53.455002,17281200
2021-06-21,54.237499,54.599998,49.25,50.092499,50.092499,20480800
2021-06-22,54.432499,56.470001,52.2925,55.099998,55.099998,32800800
2021-06-23,55.362499,55.642502,53.529999,54.834999,54.834999,14220400
2021-06-24,55.290001,56.862499,52.900002,53.077499,53.077499,15453200
2021-06-25,53.5,53.549999,49.625,52.377499,52.377499,50770800
2021-06-28,52.8125,56.112499,52.549999,53.3125,53.3125,19517600
2021-06-29,53.397499,53.805,52.002499,52.720001,52.720001,9920000
2021-06-30,52.422501,53.82,51.735001,53.535,53.535,10158400
2021-07-01,53.349998,54.2075,50.5,51.09,51.09,10968400
2021-07-02,51.200001,51.362499,49.125,50.7075,50.7075,10396400
2021-07-06,51,51.192501,48.427502,49.889999,49.889999,11072400
2021-07-07,49,49.375,44.389999,47.665001,47.665001,16958000
2021-07-08,44.9575,48.555,44.875,47.845001,47.845001,11430000
2021-07-09,47.720001,48.695,46.6875,47.807499,47.807499,6331600
2021-07-12,47.855,49.4375,46.855,47.3125,47.3125,6545200
2021-07-13,46.919998,47.197498,44.75,45.014999,45.014999,9591600
2021-07-14,45.122501,45.595001,41.267502,41.904999,41.904999,15655200
2021-07-15,40,42.997501,39.502499,41.705002,41.705002,17194400
2021-07-16,42.537498,44.8675,41.575001,42.259998,42.259998,13151600
2021-07-19,40.825001,44,40.305,43.372501,43.372501,9747600
2021-07-20,43.474998,48.41,43.105,47.794998,47.794998,12404400
2021-07-21,46.947498,48.877499,45.5275,46.452499,46.452499,8916800
2021-07-22,46.325001,46.922501,44.037498,44.712502,44.712502,5652000
2021-07-23,45.25,45.400002,43.459999,45.09,45.09,5264800
2021-07-26,45.09,46.509998,44.689999,45.985001,45.985001,5042400
2021-07-27,45.75,46.25,44.165001,44.634998,44.634998,4859200
2021-07-28,43.93,44.279999,41.067501,42.279999,42.279999,16403200
2021-07-29,42.650002,43.4725,41.127499,41.215,41.215,8960000
2021-07-30,41.25,41.805,39.717499,40.279999,40.279999,9508400
2021-08-02,40.5,40.897499,38.764999,39.412498,39.412498,10131600
2021-08-03,39.185001,39.7225,37.049999,38.1875,38.1875,57802400
2021-08-04,38.182499,39.447498,36.422501,36.700001,36.700001,9574000
2021-08-05,37,39.400002,36.305,38.360001,38.360001,9648400
2021-08-06,38.647499,39.125,37.577499,37.942501,37.942501,5410800
2021-08-09,37.950001,41.177502,37.665001,40.282501,40.282501,8996800
2021-08-10,40.34,41.724998,38.837502,39.762501,39.762501,6493200
2021-08-11,39.607498,39.762501,38.654999,39.695,39.695,3781600
2021-08-12,39.970001,41.07,39.3325,40.587502,40.587502,5271200
2021-08-13,40.1175,40.887501,39.352501,40.630001,40.630001,4059200
2021-08-16,40.25,42.470001,39.790001,40.982498,40.982498,6290400
2021-08-17,40.297501,42.369999,40.275002,40.887501,40.887501,4863600
2021-08-18,40.8125,41.400002,39.1875,39.262501,39.262501,5647200
2021-08-19,39.192501,39.497501,37.695,38.224998,38.224998,4786000
2021-08-20,38.450001,40.022499,38.310001,39.825001,39.825001,4619600
2021-08-23,40.595001,41.822498,39.887501,41.2225,41.2225,5372000
2021-08-24,41.572498,56.25,41.287498,52.572498,52.572498,58608800
2021-08-25,51.662498,56.75,48.25,49.912498,49.912498,51444400
2021-08-26,50.169998,54.25,49.75,51.305,51.305,24954400
2021-08-27,51.924999,53.25,50.005001,51.237499,51.237499,12923200
2021-08-30,51.25,54.547501,50.755001,52.299999,52.299999,13238400
2021-08-31,53.174999,55.575001,52.865002,54.560001,54.560001,14298800
2021-09-01,56,57.860001,52.005001,53.2425,53.2425,17815200
2021-09-02,53.465,53.700001,51.575001,53.380001,53.380001,7408000
2021-09-03,53.012501,54.067501,49.709999,50.6875,50.6875,10634400
2021-09-07,51.5625,52.474998,49.025002,49.75,49.75,9985200
2021-09-08,50.465,51.720001,47.669998,49.700001,49.700001,20694400
2021-09-09,45.022499,50.5,44.5,49.794998,49.794998,30046000
2021-09-10,49.602501,50.540001,47.5,47.602501,47.602501,12170400
2021-09-13,48.4375,52.220001,47.875,50.849998,50.849998,17336400
2021-09-14,50.162498,51.154999,48.75,49.810001,49.810001,8566400
2021-09-15,49.25,51.217499,48.4375,51.130001,51.130001,9241600
2021-09-16,50.5825,54.137501,50.287498,51.592499,51.592499,12232800
2021-09-17,52.005001,53.122501,50.195,51.2425,51.2425,15783600
2021-09-20,50,50.712502,46.137501,48.049999,48.049999,15767200
2021-09-21,49.84,49.84,46.5,47.487499,47.487499,10535200
2021-09-22,47.41,48.375,46.572498,47.535,47.535,9026400
2021-09-23,48.0825,48.9375,47.650002,47.810001,47.810001,6729200
2021-09-24,47.75,47.93,46.0275,46.290001,46.290001,6743200
2021-09-27,46.48,48.012501,46.467499,47.369999,47.369999,5880400
2021-09-28,47,47.702499,44.5,44.650002,44.650002,7082000
2021-09-29,45.022499,46.119999,43.6525,43.98,43.98,7599600
2021-09-30,43.75,46.362499,41.697498,43.8675,43.8675,12682800
2021-10-01,44.849998,44.872501,43.0625,44.227501,44.227501,6204400
2021-10-04,43.987499,44.237499,42.692501,42.84,42.84,4782800
2021-10-05,42.797501,43.2925,41.674999,43.044998,43.044998,5263600
2021-10-06,42.514999,43.240002,41.452499,42.767502,42.767502,4801200
2021-10-07,43,43.799999,42.634998,43.029999,43.029999,4637200
2021-10-08,43.125,43.93,42.779999,43.169998,43.169998,3272800
2021-10-11,43.25,47.122501,43.25,44.525002,44.525002,10739600
2021-10-12,45.125,45.445,43.450001,43.955002,43.955002,4934800
2021-10-13,44.575001,47.052502,44,46.014999,46.014999,7711600
2021-10-14,45.939999,47.549999,45.650002,45.9575,45.9575,6695600
2021-10-15,46,46.744999,45.220001,45.82,45.82,4800000
2021-10-18,45.735001,47.467499,45.637501,46.505001,46.505001,6358400
2021-10-19,47.247501,48.044998,46.099998,46.697498,46.697498,8282400
2021-10-20,46.5825,47,45.494999,46.130001,46.130001,9107600
2021-10-21,46.177502,47.674999,45.150002,45.427502,45.427502,9609600
2021-10-22,44.525002,44.872501,41.950001,42.450001,42.450001,11201600
2021-10-25,42.355,43.700001,41.814999,43.4925,43.4925,5771200
2021-10-26,43.34,46.25,43.125,44.459999,44.459999,8706800
2021-10-27,45,45.772499,43.0825,43.377499,43.377499,4428000
2021-10-28,43.790001,45.785,43.75,45.712502,45.712502,6784800
2021-10-29,45.702499,46.4375,44.5,45.877499,45.877499,9176000
2021-11-01,45.6325,52.142502,45.512501,50.022499,50.022499,19776800
2021-11-02,49.837502,52.985001,47.922501,51.747501,51.747501,15529200
2021-11-03,53.5,63.922501,52.0625,54.5825,54.5825,45062400
2021-11-04,55.5,57.2425,52.887501,54.459999,54.459999,11632000
2021-11-05,55.16,55.25,52.252499,53.3125,53.3125,7242800
2021-11-08,53.125,56.259998,53.002499,54.66,54.66,8631600
2021-11-09,55.5,55.872501,51.110001,51.650002,51.650002,7381200
2021-11-10,50.529999,51.8475,49.125,49.797501,49.797501,5237600
2021-11-11,50,52.022499,49.537498,51.080002,51.080002,4317600
2021-11-12,50.535,51.34,49.470001,50.525002,50.525002,3712000
2021-11-15,50.965,52.875,50.422501,52.285,52.285,5865600
2021-11-16,52.255001,53.142502,50.907501,51.794998,51.794998,4858400
2021-11-17,51.575001,54.424999,51.5,52.5,52.5,5410800
2021-11-18,52.5625,53.785,51.875,52.529999,52.529999,4017600
2021-11-19,52.285,57.3475,52.0625,57.200001,57.200001,12136800
2021-11-22,57.615002,62.41,57.4375,61.887501,61.887501,17485600
2021-11-23,60.959999,63.049999,53.139999,53.474998,53.474998,13380800
2021-11-24,54.3125,55.997501,52,52.945,52.945,5237600
2021-11-26,52.02,52.932499,49.799999,49.93,49.93,4941200
2021-11-29,51,51.977501,50.235001,50.502499,50.502499,4435200
2021-11-30,50.025002,50.987499,47,49.052502,49.052502,6895600
2021-12-01,49.849998,50.0275,44.252499,44.959999,44.959999,9406000
2021-12-02,46.25,46.857498,43.267502,45.389999,45.389999,8348400
2021-12-03,45.25,45.982498,39.762501,43.0975,43.0975,16386800
2021-12-06,41.5,43.334999,40.799999,41.779999,41.779999,8914400
2021-12-07,43.794998,45.494999,42.627499,44.452499,44.452499,7889600
2021-12-08,44.150002,45.0625,42.990002,43.412498,43.412498,10444800
2021-12-09,41.75,43.172501,37.75,38.939999,38.939999,20337200
2021-12-10,39.9575,40.575001,37,39.752499,39.752499,18107600
2021-12-13,40.0825,40.2225,33.767502,34.220001,34.220001,21944800
2021-12-14,32.75,37.592499,32.375,36.922501,36.922501,26048400
2021-12-15,36.865002,38,35.279999,37.147499,37.147499,11064000
2021-12-16,38.232498,38.610001,35.532501,36.147499,36.147499,8659200
2021-12-17,35.9375,39.642502,34.8325,38.91,38.91,17226800
2021-12-20,38.297501,39.919998,37.424999,39.285,39.285,7314400
2021-12-21,39.264999,40.0625,38.785,39.529999,39.529999,5720800
2021-12-22,39.5825,39.787498,38.029999,38.5,38.5,4188800
2021-12-23,38.5,38.75,36.505001,38.035,38.035,4222000
2021-12-27,38,38.154999,35,37.077499,37.077499,6454400
2021-12-28,36.875,39.352501,36.602501,36.615002,36.615002,5324400
2021-12-29,36.962502,38.872501,35.535,38.482498,38.482498,8149600
2021-12-30,37.75,40,37.5,38.8325,38.8325,6247600
2021-12-31,38.404999,39.182499,37.025002,37.0975,37.0975,5576000
2022-01-03,37.307499,39.845001,37.302502,38.209999,38.209999,5654800
2022-01-04,38.0425,38.247501,35.762501,37.227501,37.227501,7339600
2022-01-05,37.0975,37.212502,32.287498,32.342499,32.342499,13585600
2022-01-06,33.209999,34.424999,30.285,32.7575,32.7575,24206000
2022-01-07,39.942501,40.077499,33.125,35.154999,35.154999,48549200
2022-01-10,33.747501,33.922501,30,32.787498,32.787498,22048000
2022-01-11,32.525002,34.200001,31.8475,32.575001,32.575001,10332400
2022-01-12,32.5,32.830002,31.612499,32.014999,32.014999,6298000
2022-01-13,32.125,32.625,30.422501,30.620001,30.620001,8901200
2022-01-14,30.0375,30.575001,28.004999,29.1625,29.1625,15402000
2022-01-18,28.2775,28.4375,26.1,27.227501,27.227501,15022400
2022-01-19,27.502501,28.262501,26.102501,26.6425,26.6425,9614400
2022-01-20,26.975,28.799999,25.4,25.6675,25.6675,11680400
2022-01-21,25.25,27.5525,23.18,26.59,26.59,22120000
2022-01-24,24.754999,25.715,21.5725,25.0375,25.0375,25039600
2022-01-25,24.23,26.2425,23.752501,24.9475,24.9475,14297200
2022-01-26,25.275,29.75,25.077499,25.815001,25.815001,33330000
2022-01-27,26.035,26.75,23.2225,23.379999,23.379999,14644400
2022-01-28,23.85,24.5,21.9025,24.477501,24.477501,16430400
2022-01-31,24.467501,27.455,24.465,27.2325,27.2325,13997200
2022-02-01,28.252501,29.1625,27.065001,28.15,28.15,13847600
2022-02-02,27.5875,27.965,24.514999,25.01,25.01,13116400
2022-02-03,25.375,26.735001,24.4275,24.807501,24.807501,10710000
2022-02-04,24.752501,26,23.77,25.584999,25.584999,7627200
2022-02-07,25.747499,26.344999,24.692499,25.584999,25.584999,7037600
2022-02-08,25.440001,29.4175,25.137501,28.9,28.9,19839600
2022-02-09,28.522499,31.1775,28.25,31.0725,31.0725,15467600
2022-02-10,29.487499,32.945,29,30.6175,30.6175,14826000
2022-02-11,30.620001,32.467499,30.192499,31.0625,31.0625,11299200
2022-02-14,30.7325,31.375,29.0375,29.272499,29.272499,9102800
2022-02-15,30.24,31.807501,29.815001,31.540001,31.540001,7911600
2022-02-16,31.1075,33.212502,30.98,32.0825,32.0825,8007600
2022-02-17,31.692499,32.712502,30.555,30.852501,30.852501,6256400
2022-02-18,31.049999,31.4125,29.532499,30.3825,30.3825,6214000
2022-02-22,29.549999,30.8325,28.547501,29.514999,29.514999,6156400
2022-02-23,30.305,30.84,28.57,28.717501,28.717501,5393200
2022-02-24,26.3825,31.4275,26.030001,31.145,31.145,9024800
2022-02-25,30.8925,31.2425,29.122499,29.645,29.645,6841200
2022-02-28,30.25,31.5725,29.2225,30.834999,30.834999,6458000
2022-03-01,30.547501,31.467501,29.5875,29.754999,29.754999,4384000
2022-03-02,29.875,30.6675,29.092501,30.4925,30.4925,5242800
2022-03-03,30.74,30.934999,29.307501,29.602501,29.602501,4382400
2022-03-04,29.502501,30.127501,27.645,27.915001,27.915001,5911200
2022-03-07,28.75,28.75,24.025,24.8375,24.8375,12591600
2022-03-08,25.2575,27.247499,24.272499,25.752501,25.752501,8536000
2022-03-09,26.745001,27.215,25.875,26.3025,26.3025,5598400
2022-03-10,25.98,26.014999,24.5625,25.139999,25.139999,5582000
2022-03-11,25.665001,25.725,23.172501,23.172501,23.172501,8822000
2022-03-14,23.3575,23.58,19.395,19.5275,19.5275,18134400
2022-03-15,20.525,21.889999,19.67,20.66,20.66,14115200
2022-03-16,21.2775,22.502501,20.5,21.715,21.715,10615600
2022-03-17,21.275,22.395,20.862499,21.924999,21.924999,13796400
2022-03-18,19.934999,24.362499,19.725,22.6975,22.6975,35688400
2022-03-21,22.5,24.85,22.440001,23.549999,23.549999,15812400
2022-03-22,23.85,31.4475,23.612499,30.785,30.785,60068800
2022-03-23,32.5,37.732498,31.637501,35.25,35.25,98399200
2022-03-24,33.502499,35.869999,31.690001,35.5975,35.5975,36400800
2022-03-25,35.009998,39.540001,34.549999,37.987499,37.987499,53535600
2022-03-28,37.994999,47.709999,37.884998,47.397499,47.397499,65266000
2022-03-29,47.060001,49.852501,40.75,44.974998,44.974998,72046000
2022-03-30,43.75,45.834999,41.25,41.712502,41.712502,36676800
2022-03-31,40.775002,43.9375,39.627499,41.645,41.645,44968800
2022-04-01,47.224998,47.442501,38.814999,41.25,41.25,52758400
2022-04-04,41.744999,43.310001,39.127499,42.682499,42.682499,18519200
2022-04-05,42,42.107498,38,38.397499,38.397499,15825200
2022-04-06,37.752499,39.822498,37.424999,39.16,39.16,16268000
2022-04-07,38.5275,39.174999,35.392502,37.5,37.5,15311200
2022-04-08,37.272499,37.677502,35.5075,36.547501,36.547501,10371600
2022-04-11,35.759998,37.055,35.1525,36.732498,36.732498,9812000
2022-04-12,36.625,38.0625,35.4175,36.217499,36.217499,7996400
2022-04-13,36.025002,38.032501,35.505001,37.674999,37.674999,8032800
2022-04-14,37.317501,39.125,36.805,37.692501,37.692501,10002400
2022-04-18,37.5,37.810001,34.310001,35.365002,35.365002,9871200
2022-04-19,35.712502,38.244999,34.965,38.1175,38.1175,9416800
2022-04-20,38,38.0825,36.662498,37.212502,37.212502,4648000
2022-04-21,37.5,38.279999,34.977501,35.389999,35.389999,6737600
2022-04-22,35.637501,36.575001,33.887501,34.555,34.555,6278400
2022-04-25,33.852501,34.927502,33.32,33.987499,33.987499,6139200
2022-04-26,33.91,34.200001,31.540001,31.9,31.9,6182800
2022-04-27,31.817499,33.169998,31.145,32.459999,32.459999,5223600
2022-04-28,32.57,33.150002,30.125,32.327499,32.327499,7070000
2022-04-29,31.825001,32.7225,30.752501,31.2675,31.2675,5143600
2022-05-02,30.9125,31.3475,28.174999,29.8925,29.8925,10172000
2022-05-03,29.620001,31.1075,28.605,30.1075,30.1075,7312800
2022-05-04,29.8025,31.9375,28.93,31.77,31.77,6651200
2022-05-05,30.985001,31.17,28.780001,29.782499,29.782499,7015600
2022-05-06,29.32,30.139999,27.557501,28.674999,28.674999,7161600
2022-05-09,27.695,27.695,24.52,24.6975,24.6975,13264800
2022-05-10,25.745001,26.514999,22,23.375,23.375,16603200
2022-05-11,23.3675,23.817499,20,20.3325,20.3325,16681200
2022-05-12,20.76,27.014999,19.442499,22.3925,22.3925,40139600
2022-05-13,24.75,26.695,23.76,24.5975,24.5975,23930800
2022-05-16,24.700001,24.795,22.695,22.950001,22.950001,11582000
2022-05-17,23.475,25.094999,22.799999,25.094999,25.094999,10444800
2022-05-18,24.094999,24.959999,22.5425,22.870001,22.870001,11560000
2022-05-19,22.805,25.495001,22.540001,24.797501,24.797501,12720400
2022-05-20,24.952499,25.602501,22.4375,23.915001,23.915001,9972000
2022-05-23,24.1425,24.32,22.875,24.032499,24.032499,6994000
2022-05-24,23.512501,23.549999,21.674999,22.2875,22.2875,8879600
2022-05-25,22.535,28.8675,22.535,28.7925,28.7925,40060000
2022-05-26,29,37.115002,28.674999,32.115002,32.115002,57892400
2022-05-27,35.25,35.924999,31.75,34.302502,34.302502,30045200
2022-05-31,34.302502,34.982498,30.129999,31.184999,31.184999,19084400
2022-06-01,30.705,32.397499,29.252501,30.35,30.35,14991600
2022-06-02,29.75,34.125,28.889999,33.5,33.5,27918800
2022-06-03,32.5,34.525002,31.057501,33.424999,33.424999,18234400
2022-06-06,33.825001,34.025002,31.762501,32.025002,32.025002,9532800
2022-06-07,32.5,37.4725,31.5825,36.625,36.625,24967600
2022-06-08,35.3475,38.25,33.9575,34.682499,34.682499,24473600
2022-06-09,34.697498,34.974998,31.834999,32.244999,32.244999,13114400
2022-06-10,31.5,32.982498,30.785,32.272499,32.272499,11820000
2022-06-13,30.127501,31.1425,28.575001,29.5625,29.5625,13792800
2022-06-14,29.3925,32,29.025,31.5425,31.5425,12739200
2022-06-15,31.237499,32.990002,30.91,32.322498,32.322498,10764400
2022-06-16,31.235001,32.322498,30.145,31.432501,31.432501,9995200
2022-06-17,31.715,33.965,31.58,33.785,33.785,12340800
2022-06-21,34.555,36.349998,33.880001,35.07,35.07,12512400
2022-06-22,34.6675,36.182499,34.107498,34.615002,34.615002,7838000
2022-06-23,35.41,35.997501,34.182499,35.505001,35.505001,6682800
2022-06-24,35.75,37.092499,32.8825,33.802502,33.802502,16995600
2022-06-27,34.1175,34.262501,31.825001,32.422501,32.422501,9745600
2022-06-28,32.752499,32.8325,30.57,31.094999,31.094999,6610000
2022-06-29,30.387501,31.622499,29.897499,30.715,30.715,6826400
2022-06-30,29.842501,31.647499,29.440001,30.575001,30.575001,6718800
2022-07-01,30.282499,31.2925,29.8225,30.855,30.855,6617200
2022-07-05,30.375,30.620001,29.752501,30.057501,30.057501,6036000
2022-07-06,30.172501,30.57,28.342501,29.3575,29.3575,9988800
2022-07-07,31.122499,33.875,30.452499,33.779999,33.779999,30313600
2022-07-08,31.665001,33.1675,30.627501,32.134998,32.134998,13199600
2022-07-11,32.139999,32.935001,31.1625,32.522499,32.522499,7532800
2022-07-12,32.700001,35.647499,31.815001,34.279999,34.279999,16899600
2022-07-13,33.75,36.337502,33.75,35.32,35.32,13703600
2022-07-14,34.797501,37.987499,34.049999,34.049999,34.049999,20970400
2022-07-15,34.860001,35.592499,33.5075,35.41,35.41,9832400
2022-07-18,36.25,37.400002,35.775002,36.66,36.66,11155200
2022-07-19,37.435001,39.209999,36.587502,37.924999,37.924999,12828000
2022-07-20,38.5,40.407501,38.349998,39.6875,39.6875,11400400
2022-07-21,39.93,40,37.290001,38.3675,38.3675,9277600
2022-07-22,36.880001,38.700001,34.93,35.779999,35.779999,10060200
2022-07-25,35,35.509998,33.25,33.98,33.98,5686300
2022-07-26,32.869999,33.310001,32.099998,32.43,32.43,4866100
2022-07-27,32.959999,34.119999,32.16,33.779999,33.779999,4251200
2022-07-28,33.389999,34.43,32.66,33.84,33.84,3207400
2022-07-29,33.68,34.790001,33.060001,34.009998,34.009998,3988800
2022-08-01,33.799999,35.709999,33.77,34.779999,34.779999,4196600
2022-08-02,35.900002,36.799999,35.119999,35.84,35.84,4697100
2022-08-03,36.220001,38.009998,36,37.93,37.93,5186500
2022-08-04,38.34,39.889999,37.889999,38.360001,38.360001,5421500
2022-08-05,37.369999,40.43,36.560001,40.02,40.02,8124200
2022-08-08,41.290001,47.990002,40.75,43.450001,43.450001,17987100
2022-08-09,42.139999,43.189999,39,40.369999,40.369999,6954200
2022-08-10,42,42,38.630001,40.529999,40.529999,5434700
2022-08-11,40.91,41.970001,39.349998,39.450001,39.450001,5140500
2022-08-12,40,41.43,39.150002,40.740002,40.740002,5120000
2022-08-15,39.75,40.389999,38.810001,39.68,39.68,5243100
2022-08-16,39.169998,45.529999,38.599998,42.189999,42.189999,23602800
2022-08-17,42.18,44.360001,40.41,40.52,40.52,9766400
2022-08-18,39.27,40.07,37.34,37.93,37.93,8145400
2022-08-19,35.18,37.189999,34.669998,36.490002,36.490002,9551900
2022-08-22,34.310001,36.200001,34.200001,34.5,34.5,5798600
2022-08-23,34.700001,34.990002,33.450001,33.529999,33.529999,4836300
2022-08-24,34,34.939999,32.439999,32.5,32.5,5620300
2022-08-25,32.84,32.889999,31.5,31.959999,31.959999,4726300
2022-08-26,31.5,32.380001,30.629999,30.940001,30.940001,4297300
2022-08-29,30.48,32.75,30.379999,31.549999,31.549999,4292700
2022-08-30,31.620001,31.870001,29.42,29.84,29.84,5060200
2022-09-01,28,28.91,26.950001,27.629999,27.629999,5293900