Date,Open,High,Low,Close,Adj Close,Volume,mom,rsi,natr,cci,obv,adx,increase
2021/1/1,4.75,4.775,4.2875,4.3125,4.3125,40090000,5.5275,92.41949273,18.7598828,186.2641879,40090000,33.7194044,0
2021/1/2,4.75,4.775,4.2875,4.3125,4.3125,40090000,5.5275,92.41949273,18.7598828,186.2641879,40090000,33.7194044,0
2021/1/3,4.75,4.775,4.2875,4.3125,4.3125,40090000,5.5275,92.41949273,18.7598828,186.2641879,40090000,33.7194044,0
2021/1/4,4.75,4.775,4.2875,4.3125,4.3125,40090000,5.5275,92.41949273,18.7598828,186.2641879,40090000,33.7194044,0
2021/1/5,4.3375,4.52,4.3075,4.3425,4.3425,19846000,5.5275,92.41949273,18.7598828,186.2641879,59936000,33.7194044,1
2021/1/6,4.335,4.745,4.3325,4.59,4.59,24224800,5.5275,92.41949273,18.7598828,186.2641879,84160800,33.7194044,1
2021/1/7,4.6175,4.8625,4.505,4.52,4.52,24517200,5.5275,92.41949273,18.7598828,186.2641879,59643600,33.7194044,0
2021/1/8,4.545,4.575,4.27,4.4225,4.4225,25928000,5.5275,92.41949273,18.7598828,186.2641879,33715600,33.7194044,0
2021/1/9,4.8525,5.1625,4.7525,4.985,4.985,59632000,5.5275,92.41949273,18.7598828,186.2641879,93347600,33.7194044,1
2021/1/10,4.8525,5.1625,4.7525,4.985,4.985,59632000,5.5275,92.41949273,18.7598828,186.2641879,93347600,33.7194044,1
2021/1/11,4.8525,5.1625,4.7525,4.985,4.985,59632000,5.5275,92.41949273,18.7598828,186.2641879,93347600,33.7194044,1
2021/1/12,4.99,5.1,4.83,4.9875,4.9875,28242800,5.5275,92.41949273,18.7598828,186.2641879,121590400,33.7194044,0
2021/1/13,5.105,9.6625,5.0075,7.85,7.85,578006800,5.5275,92.41949273,18.7598828,186.2641879,699597200,33.7194044,1
2021/1/14,9.5225,10.765,8.2625,9.9775,9.9775,374869600,5.5275,92.41949273,18.7598828,186.2641879,1074466800,33.7194044,1
2021/1/15,9.6225,10.1875,8.5025,8.875,8.875,187465600,5.5275,92.41949273,18.7598828,186.2641879,887001200,33.7194044,0
2021/1/16,10.3875,11.38,9.16,9.84,9.84,298887600,5.5275,92.41949273,18.7598828,186.2641879,1185888800,33.7194044,0
2021/1/17,10.3875,11.38,9.16,9.84,9.84,298887600,5.5275,92.41949273,18.7598828,186.2641879,1185888800,33.7194044,0
2021/1/18,10.3875,11.38,9.16,9.84,9.84,298887600,5.5275,92.41949273,18.7598828,186.2641879,1185888800,33.7194044,0
2021/1/19,10.3875,11.38,9.16,9.84,9.84,298887600,5.5275,92.41949273,18.7598828,186.2641879,1185888800,33.7194044,0
2021/1/20,9.3425,10.2975,9.015,9.78,9.78,133887200,5.4375,92.41949273,18.7598828,186.2641879,1052001600,33.7194044,1
2021/1/21,9.8075,11.1875,9.25,10.7575,10.7575,224867600,6.1675,92.41949273,18.7598828,186.2641879,1276869200,33.7194044,1
2021/1/22,10.6475,19.190001,10.58,16.252501,16.252501,788631600,11.732501,92.41949273,18.7598828,186.2641879,2065500800,33.7194044,1
2021/1/23,24.182501,39.794998,15.2825,19.1975,19.1975,711496000,14.775,92.41949273,18.7598828,275.4194853,2776996800,33.7194044,0
2021/1/24,24.182501,39.794998,15.2825,19.1975,19.1975,711496000,14.775,92.41949273,18.7598828,275.4194853,2776996800,33.7194044,0
2021/1/25,24.182501,39.794998,15.2825,19.1975,19.1975,711496000,14.775,92.41949273,18.7598828,275.4194853,2776996800,33.7194044,0
2021/1/26,22.139999,37.5,20.049999,36.994999,36.994999,714352000,32.009999,96.37716071,12.57333467,246.7905912,3491348800,33.7194044,1
2021/1/27,88.707497,95,62.25,86.877502,86.877502,373586800,81.890002,98.5935367,9.740691017,342.3513788,3864935600,33.7194044,0
2021/1/28,66.25,120.75,28.0625,48.400002,48.400002,235263200,40.550002,65.37150725,29.91434313,174.2766709,3629672400,33.7194044,0
2021/1/29,94.927498,103.495003,62.5,81.25,81.25,202264400,71.2725,73.56213629,21.39042248,167.9840394,3831936800,33.7194044,0
2021/1/30,79.139999,80.5,53,56.25,56.25,149528800,47.375,61.61740425,32.27763016,88.97299282,3682408000,33.7194044,0
2021/1/31,79.139999,80.5,53,56.25,56.25,149528800,47.375,61.61740425,32.27763016,88.97299282,3682408000,33.7194044,0
2021/2/1,79.139999,80.5,53,56.25,56.25,149528800,47.375,61.61740425,32.27763016,88.97299282,3682408000,33.7194044,0
2021/2/2,35.189999,39.5,18.555,22.5,22.5,312732400,12.66,49.84945153,86.89687953,-14.54185481,3369675600,33.7194044,0
2021/2/3,28.002501,28.35,21.3125,23.102501,23.102501,170794000,13.322501,50.03291526,80.76147026,-26.03662157,3540469600,33.7194044,0
2021/2/4,22.797501,22.875,13.3325,13.375,13.375,249709200,2.6175,47.04080586,134.7519114,-50.61774774,3290760400,33.7194044,0
2021/2/5,13.51,23.75,12.7725,15.9425,15.9425,325380000,-0.310001,47.92599583,109.8937638,-50.28581215,3616140400,33.7194044,1
2021/2/6,18.102501,18.165001,14.505,15,15,102749200,-4.1975,47.61139375,110.1988446,-56.91166298,3513391200,33.7194044,0
2021/2/7,18.102501,18.165001,14.505,15,15,102749200,-4.1975,47.61139375,110.1988446,-56.91166298,3513391200,33.7194044,0
2021/2/8,18.102501,18.165001,14.505,15,15,102749200,-4.1975,47.61139375,110.1988446,-56.91166298,3513391200,33.7194044,0
2021/2/9,14.1525,14.25,11.63,12.5775,12.5775,107372400,-24.417499,46.76172799,123.9502212,-67.27825753,3406018800,33.7194044,0
2021/2/10,12.6925,15.7075,11.6375,12.8,12.8,145820000,-74.077502,46.85553734,115.3671361,-66.58426344,3551838800,33.7194044,1
2021/2/11,12.5025,13.83,12.055,12.775,12.775,52226800,-35.625002,46.84554919,108.3287193,-67.25414763,3499612000,33.7194044,1
2021/2/12,12.6875,13.81,12.0125,13.1,13.1,58293200,-68.15,47.00370961,99.07547472,-63.03337132,3557905200,32.01336406,1
2021/2/13,13.165,13.375,12.26,12.3775,12.3775,32700000,-43.8725,46.67124401,98.01225348,-57.92766906,3525205200,30.42918375,0
2021/2/14,13.165,13.375,12.26,12.3775,12.3775,32700000,-43.8725,46.67124401,98.01225348,-57.92766906,3525205200,30.42918375,0
2021/2/15,13.165,13.375,12.26,12.3775,12.3775,32700000,-43.8725,46.67124401,98.01225348,-57.92766906,3525205200,30.42918375,0
2021/2/16,13.165,13.375,12.26,12.3775,12.3775,32700000,-43.8725,46.67124401,98.01225348,-57.92766906,3525205200,30.42918375,0
2021/2/17,12.4425,12.7975,11.14,11.485,11.485,36747200,-11.015,46.23618156,99.11472527,-58.21717239,3488458000,29.05519872,0
2021/2/18,12.1225,12.2175,10.1625,10.1725,10.1725,95962400,-12.930001,45.56352206,105.3528354,-59.9257291,3392495600,27.8679346,0
2021/2/19,10.32,10.9725,9.625,10.1475,10.1475,59312800,-3.2275,45.54992871,99.0171565,-67.78583462,3333182800,26.81677231,0
2021/2/20,11.6725,12.1275,10.6,11.5,11.5,77904000,-4.4425,46.48019142,82.36084312,-64.55175236,3411086800,25.69015718,0
2021/2/21,11.6725,12.1275,10.6,11.5,11.5,77904000,-4.4425,46.48019142,82.36084312,-64.55175236,3411086800,25.69015718,0
2021/2/22,11.6725,12.1275,10.6,11.5,11.5,77904000,-4.4425,46.48019142,82.36084312,-64.55175236,3411086800,25.69015718,0
2021/2/23,11.2425,11.5575,10,11.2425,11.2425,30260800,-3.7575,46.31794278,79.21913687,-73.25206343,3380826000,24.70953934,0
2021/2/24,11.175,22.9275,11.175,22.9275,22.9275,332446800,10.35,54.14095995,39.73184074,172.2803237,3713272800,23.48059941,1
2021/2/25,42.389999,46.169998,25.25,27.182501,27.182501,601235200,14.382501,56.62003656,37.2262154,319.2343587,4314508000,24.16822614,0
2021/2/26,29.365,35.724998,21.5,25.434999,25.434999,368776800,12.659999,55.29789996,40.93690263,168.0618801,3945731200,24.3704459,0
2021/2/27,26.135,33.497501,24.9925,30.1,30.1,199176000,17,58.11002741,34.13975109,141.204023,4144907200,24.55822139,1
2021/2/28,26.135,33.497501,24.9925,30.1,30.1,199176000,17,58.11002741,34.13975109,141.204023,4144907200,24.55822139,1
2021/3/1,26.135,33.497501,24.9925,30.1,30.1,199176000,17,58.11002741,34.13975109,141.204023,4144907200,24.55822139,1
2021/3/2,29.2325,33.299999,28.049999,29.545,29.545,135132000,17.1675,57.64540761,33.5659517,115.609783,4009775200,24.73258435,1
2021/3/3,30.627501,31.9375,28.280001,31.045,31.045,77095600,19.56,58.60865779,30.50394233,95.37663729,4086870800,24.89449281,1
2021/3/4,31.25,36.967499,28.825001,33.087502,33.087502,130427600,22.915002,59.94450448,28.33435711,95.47067081,4217298400,25.4435234,1
2021/3/5,32.0425,37.8825,31.875,34.435001,34.435001,122934800,24.287501,60.84237577,26.52703831,91.78000535,4340233200,26.02440474,1
2021/3/6,38.7225,52.717499,36.525002,48.625,48.625,254262400,37.125,68.77902282,20.12957984,143.4149022,4594495600,27.53586141,1
2021/3/7,38.7225,52.717499,36.525002,48.625,48.625,254262400,37.125,68.77902282,20.12957984,143.4149022,4594495600,27.53586141,1
2021/3/8,38.7225,52.717499,36.525002,48.625,48.625,254262400,37.125,68.77902282,20.12957984,143.4149022,4594495600,27.53586141,1
2021/3/9,54.427502,62.462502,52.127499,61.724998,61.724998,156397200,50.482498,74.01519322,16.32605603,193.7162906,4750892800,29.41691577,1
2021/3/10,67.357498,87.125,43,66.25,66.25,286282400,43.3225,75.54112788,18.88187071,193.3471053,5037175200,32.00880775,0
2021/3/11,60.41,70.375,58.150002,65,65,113250000,37.817499,74.24408532,19.2137483,145.8089203,4923925200,34.41556458,1
2021/3/12,68.75,73.875,65.567497,66.125,66.125,103383600,40.690001,74.66569154,18.49648103,127.9415132,5027308800,36.74964718,0
2021/3/13,69.379997,70.75,51.5,55.035,55.035,96401600,24.935,63.6114482,23.13467729,72.05981296,4930907200,37.13647865,0
2021/3/14,69.379997,70.75,51.5,55.035,55.035,96401600,24.935,63.6114482,23.13467729,72.05981296,4930907200,37.13647865,0
2021/3/15,69.379997,70.75,51.5,55.035,55.035,96401600,24.935,63.6114482,23.13467729,72.05981296,4930907200,37.13647865,0
2021/3/16,50.790001,55.174999,43.087502,52.0425,52.0425,141691600,22.4975,60.98761122,24.37646462,24.27149751,4789215600,36.60558114,1
2021/3/17,54.459999,57.8675,51,52.452499,52.452499,65926400,21.407499,61.22360595,23.39355799,35.71909803,4855142000,36.25985791,0
2021/3/18,53.5,54.720001,48.912498,50.4375,50.4375,47059600,17.349998,59.32423992,23.41286288,16.94373382,4808082400,35.71388005,0
2021/3/19,48.932499,56.75,45.665001,50.067501,50.067501,98709200,15.6325,58.96251688,23.48261433,6.625173731,4709373200,34.85320152,1
2021/3/20,51.314999,52.59,46.549999,48.622501,48.622501,40246000,-0.002499,57.48825347,23.34061301,-13.71652742,4669127200,34.05400003,0
2021/3/21,51.314999,52.59,46.549999,48.622501,48.622501,40246000,-0.002499,57.48825347,23.34061301,-13.71652742,4669127200,34.05400003,0
2021/3/22,51.314999,52.59,46.549999,48.622501,48.622501,40246000,-0.002499,57.48825347,23.34061301,-13.71652742,4669127200,34.05400003,0
2021/3/23,49.375,50.4375,44.387501,45.4375,45.4375,57716400,-16.287498,54.2674453,24.14372432,-45.82296069,4611410800,33.05682892,0
2021/3/24,39.494999,41.7425,29.655001,30.084999,30.084999,96711600,-36.165001,42.04072044,37.60689139,-154.3404005,4514699200,30.75994119,0
2021/3/25,30.872499,46.875,29.225,45.9375,45.9375,203849200,-19.0625,53.65253487,25.61437165,-105.6025908,4718548400,28.94208548,1
2021/3/26,49.419998,54.732498,40.814999,45.25,45.25,149722800,-20.875,53.15516193,26.34306625,-52.03578233,4568825600,27.87718726,0
2021/3/27,45.1875,48.48,43.377499,45.325001,45.325001,40168800,-9.709999,53.20612552,25.22505472,-55.77065154,4608994400,26.8883532,1
2021/3/28,45.1875,48.48,43.377499,45.325001,45.325001,40168800,-9.709999,53.20612552,25.22505472,-55.77065154,4608994400,26.8883532,1
2021/3/29,45.1875,48.48,43.377499,45.325001,45.325001,40168800,-9.709999,53.20612552,25.22505472,-55.77065154,4608994400,26.8883532,1
2021/3/30,46.875,51.075001,45.5,48.615002,48.615002,68379600,-3.427498,55.49349015,22.68293525,-24.45096645,4677374000,26.17944186,1
2021/3/31,49.375,49.865002,46.7775,47.455002,47.455002,33575200,-4.997497,54.48226424,22.04231352,-18.98971437,4643798800,25.52116704,0
2021/4/1,48.34,49.2425,45.900002,47.862499,47.862499,37337200,-2.575001,54.793905,20.79242549,-6.354887596,4681136000,24.79971103,0
2021/4/2,42.75,48.75,41.202499,46.737499,46.737499,56282000,-3.330002,53.70078701,20.92546849,-30.58062378,4624854000,23.54715667,1
2021/4/3,42.75,48.75,41.202499,46.737499,46.737499,56282000,-3.330002,53.70078701,20.92546849,-30.58062378,4624854000,23.54715667,1
2021/4/4,42.75,48.75,41.202499,46.737499,46.737499,56282000,-3.330002,53.70078701,20.92546849,-30.58062378,4624854000,23.54715667,1
2021/4/5,42.75,48.75,41.202499,46.737499,46.737499,56282000,-3.330002,53.70078701,20.92546849,-30.58062378,4624854000,23.54715667,1
2021/4/6,46.302502,48,45.889999,46.125,46.125,24873200,-2.497501,53.07991434,20.01556781,-3.168356536,4599980800,22.38407048,0
2021/4/7,45.805,46.125,44.0275,44.4925,44.4925,19073200,-0.945,51.37498611,19.60456393,-30.02323374,4580907600,21.06291975,0
2021/4/8,46.470001,46.470001,41.075001,42.564999,42.564999,40189600,12.48,49.35908557,19.93393141,-53.02044793,4540718000,19.65909834,0
2021/4/9,42.424999,42.895,38.25,39.59,39.59,37849600,-6.3475,46.33689918,20.73907736,-101.0166436,4502868400,18.70709193,0
2021/4/10,39.5275,40.974998,33.752499,35.272499,35.272499,66734400,-9.977501,42.29000215,23.0775314,-136.0929848,4436134000,18.35057139,0
2021/4/11,39.5275,40.974998,33.752499,35.272499,35.272499,66734400,-9.977501,42.29000215,23.0775314,-136.0929848,4436134000,18.35057139,0
2021/4/12,39.5275,40.974998,33.752499,35.272499,35.272499,66734400,-9.977501,42.29000215,23.0775314,-136.0929848,4436134000,18.35057139,0
2021/4/13,35.470001,36.345001,33,35.247501,35.247501,27227600,-10.0775,42.26698487,22.12219394,-131.484986,4408906400,18.10584211,0
2021/4/14,35.892502,43.522499,35.75,41.6325,41.6325,84552400,-6.982502,49.78480084,18.81132784,-60.30752459,4493458800,16.84608658,1
2021/4/15,40.75,41.5625,38.200001,39.110001,39.110001,31427200,-8.345001,47.17142826,19.22117747,-69.75132423,4462031600,15.67631358,0
2021/4/16,39,40.049999,37.8125,38.672501,38.672501,20858800,-9.189998,46.71341515,18.46342113,-70.49922374,4441172800,14.64564788,0
2021/4/17,42.950001,43.799999,40.5825,41.092499,41.092499,42080800,-5.645,49.6269408,17.02621573,-14.56336192,4483253600,14.05504673,0
2021/4/18,42.950001,43.799999,40.5825,41.092499,41.092499,42080800,-5.645,49.6269408,17.02621573,-14.56336192,4483253600,14.05504673,0
2021/4/19,42.950001,43.799999,40.5825,41.092499,41.092499,42080800,-5.645,49.6269408,17.02621573,-14.56336192,4483253600,14.05504673,0
2021/4/20,41.035,41.2225,38.34,39.6325,39.6325,18634400,-6.4925,47.92446682,16.91198022,-44.39414444,4464619200,13.1551894,0
2021/4/21,39.599998,40.744999,38.98,39.627499,39.627499,15251200,-4.865001,47.91840289,16.02410457,-35.94170027,4449368000,12.31960759,1
2021/4/22,39.775002,39.775002,36.715,37.7925,37.7925,17383200,-4.772499,45.63662092,16.18034123,-66.67391393,4431984800,11.70801925,0
2021/4/23,37.25,38.415001,36.174999,37.794998,37.794998,16116400,-1.795002,45.64041572,15.44694636,-77.6037648,4448101200,11.22964825,1
2021/4/24,37.744999,43.669998,37.189999,42.232498,42.232498,42128400,6.959999,52.04443208,13.93244079,45.13766937,4490229600,10.97044627,1
2021/4/25,37.744999,43.669998,37.189999,42.232498,42.232498,42128400,6.959999,52.04443208,13.93244079,45.13766937,4490229600,10.97044627,1
2021/4/26,37.744999,43.669998,37.189999,42.232498,42.232498,42128400,6.959999,52.04443208,13.93244079,45.13766937,4490229600,10.97044627,1
2021/4/27,45.887501,47,43.2925,44.442501,44.442501,35730800,9.195,54.89443691,13.06017105,183.3593651,4525960400,11.22970557,0
2021/4/28,43.025002,45.494999,41.5075,44.645,44.645,23155600,3.0125,55.15741038,12.71026438,142.3531676,4549116000,11.12749573,1
2021/4/29,44.139999,45.215,42.6875,44.047501,44.047501,15041200,4.9375,54.15415249,12.37235228,117.7363371,4534074800,11.03258658,0
2021/4/30,43.75,45.950001,43.174999,43.397499,43.397499,17734400,4.724998,53.0242386,12.11742935,102.9879999,4516340400,11.07083565,0
2021/5/1,44.372501,44.372501,39.9025,40.549999,40.549999,21044000,-0.5425,48.2725542,12.82941685,17.47432599,4495296400,10.42127349,0
2021/5/2,44.372501,44.372501,39.9025,40.549999,40.549999,21044000,-0.5425,48.2725542,12.82941685,17.47432599,4495296400,10.42127349,0
2021/5/3,44.372501,44.372501,39.9025,40.549999,40.549999,21044000,-0.5425,48.2725542,12.82941685,17.47432599,4495296400,10.42127349,0
2021/5/4,39.75,40.372501,37.950001,40.182499,40.182499,16030000,0.549999,47.67870538,12.48416048,-50.35741419,4479266400,9.91696949,1
2021/5/5,40.4575,41.375,39.5825,39.869999,39.869999,11221600,0.2425,47.14756147,12.00442891,-26.95641538,4468044800,9.241009408,0
2021/5/6,40.215,41.18,38.900002,40.252499,40.252499,11771200,2.459999,47.91243202,11.44563399,-36.96764783,4479816000,8.757011981,1
2021/5/7,40.0275,41.852501,39.375,40.2775,40.2775,11738400,2.482502,47.96543807,11.06085446,-20.3000979,4491554400,8.153944526,1
2021/5/8,40.327499,40.397499,35.75,35.805,35.805,19226800,-6.427498,40.10317204,12.48089104,-118.0374995,4472327600,8.367394453,0
2021/5/9,40.327499,40.397499,35.75,35.805,35.805,19226800,-6.427498,40.10317204,12.48089104,-118.0374995,4472327600,8.367394453,0
2021/5/10,40.327499,40.397499,35.75,35.805,35.805,19226800,-6.427498,40.10317204,12.48089104,-118.0374995,4472327600,8.367394453,0
2021/5/11,34.25,37.625,34.125,36.73,36.73,18738400,-7.712501,42.21289919,11.97817656,-133.0444435,4491066000,8.881841731,1
2021/5/12,36.424999,37.625,35.557499,36.197498,36.197498,10926000,-8.447502,41.31080818,11.69419741,-115.5346458,4480140000,9.359542775,0
2021/5/13,36.860001,42.487499,36.607498,41.125,41.125,35494000,-2.922501,51.61484809,10.65029794,-19.5205262,4515634000,8.795855528,1
2021/5/14,40,41.6175,39.055,39.98,39.98,17174000,-3.417499,49.44257777,10.6306109,-13.37809596,4498460000,8.272431657,0
2021/5/15,39.962502,45.625,39.75,45.150002,45.150002,29848400,4.600003,58.03139986,9.670389875,95.83221433,4528308400,8.65564567,1
2021/5/16,39.962502,45.625,39.75,45.150002,45.150002,29848400,4.600003,58.03139986,9.670389875,95.83221433,4528308400,8.65564567,1
2021/5/17,39.962502,45.625,39.75,45.150002,45.150002,29848400,4.600003,58.03139986,9.670389875,95.83221433,4528308400,8.65564567,1
2021/5/18,43.634998,47.299999,42.067501,45.1675,45.1675,30954800,4.985001,58.05737074,9.803644196,131.3286463,4559263200,9.336366532,1
2021/5/19,42.997501,44.744999,41.037498,42.2075,42.2075,19303600,2.337501,52.17548342,10.44072988,70.36284806,4539959600,9.683964914,0
2021/5/20,42.697498,43.727501,41.724998,42.622501,42.622501,9912800,2.370002,52.89602494,9.936154687,79.72103633,4549872400,10.00673484,0
2021/5/21,42.75,44.810001,42.5825,44.197498,44.197498,14618800,3.919998,55.62833166,9.257632994,104.4530355,4564491200,10.54825499,1
2021/5/22,43.962502,47.115002,43.337502,45.002499,45.002499,18657200,9.197499,57.00120218,9.042172151,115.6973081,4583148400,11.53951486,1
2021/5/23,43.962502,47.115002,43.337502,45.002499,45.002499,18657200,9.197499,57.00120218,9.042172151,115.6973081,4583148400,11.53951486,1
2021/5/24,43.962502,47.115002,43.337502,45.002499,45.002499,18657200,9.197499,57.00120218,9.042172151,115.6973081,4583148400,11.53951486,1
2021/5/25,45.25,54.2775,45.25,52.357498,52.357498,59550000,15.627498,67.03646022,8.482158783,195.4076889,4642698400,13.63308276,1
2021/5/26,57.25,62.119999,56.387501,60.639999,60.639999,84479600,24.442501,74.30809555,7.95044544,267.4579119,4727178000,16.43894227,1
2021/5/27,57.450001,66,56.75,63.532501,63.532501,62105200,22.407501,76.27633062,8.086406769,208.0513614,4789283200,19.37406958,1
2021/5/28,65.7425,67.199997,55.357498,55.5,55.5,47005600,15.52,62.05822273,10.11968507,130.6708811,4742277600,21.68878972,0
2021/5/29,58.369999,63.744999,56.767502,62.255001,62.255001,38502400,17.104999,67.53825577,9.32323571,114.4286033,4780780000,23.83817271,1
2021/5/30,58.369999,63.744999,56.767502,62.255001,62.255001,38502400,17.104999,67.53825577,9.32323571,114.4286033,4780780000,23.83817271,1
2021/5/31,58.369999,63.744999,56.767502,62.255001,62.255001,38502400,17.104999,67.53825577,9.32323571,114.4286033,4780780000,23.83817271,1
2021/6/1,58.369999,63.744999,56.767502,62.255001,62.255001,38502400,17.104999,67.53825577,9.32323571,114.4286033,4780780000,23.83817271,1
2021/6/2,62.220001,73.5,61.075001,70.559998,70.559998,64076800,25.392498,72.74947281,8.896111495,142.2451816,4844856800,26.62187933,1
2021/6/3,66.427498,68.607498,60.529999,64.544998,64.544998,32000000,22.337498,64.65397805,10.14046137,93.06922102,4812856800,29.04887284,0
2021/6/4,64.004997,66.25,61.442501,62.09,62.09,14550000,19.467499,61.63909815,10.34150733,71.51281226,4798306800,31.30250967,0
2021/6/5,64.5,70.5,63.799999,70.002502,70.002502,24206000,25.805004,66.9830135,9.375536802,94.0065346,4822512800,33.70292504,1
2021/6/6,64.5,70.5,63.799999,70.002502,70.002502,24206000,25.805004,66.9830135,9.375536802,94.0065346,4822512800,33.70292504,1
2021/6/7,64.5,70.5,63.799999,70.002502,70.002502,24206000,25.805004,66.9830135,9.375536802,94.0065346,4822512800,33.70292504,1
2021/6/8,73,86.165001,70.25,75,75,69756400,29.997501,69.8407055,9.665041275,141.8943128,4892269200,36.69057123,1
2021/6/9,75.779999,82,72.877502,75.639999,75.639999,53717200,23.282501,70.1964655,9.760203577,130.007213,4945986400,39.46481412,0
2021/6/10,70.5,72,52.75,55.0975,55.0975,91920800,-5.542499,49.86427727,15.40957025,-13.67044946,4854065600,38.14363153,0
2021/6/11,55.587502,60.282501,51.532501,58.334999,58.334999,62323200,-5.197502,52.21345338,14.58616435,-59.38542604,4916388800,36.74532966,1
2021/6/12,59.125,59.502499,54.799999,57.360001,57.360001,28530400,1.860001,51.4318628,14.36010694,-71.53043857,4887858400,35.44690651,0
2021/6/13,59.125,59.502499,54.799999,57.360001,57.360001,28530400,1.860001,51.4318628,14.36010694,-71.53043857,4887858400,35.44690651,0
2021/6/14,59.125,59.502499,54.799999,57.360001,57.360001,28530400,1.860001,51.4318628,14.36010694,-71.53043857,4887858400,35.44690651,0
2021/6/15,56.59,57.3125,52,55.625,55.625,29207600,-6.630001,49.9976064,14.43858084,-106.4233494,4858650800,33.81544528,0
2021/6/16,53.810001,57.182499,52.25,55.7425,55.7425,22259200,-14.817498,50.09909698,14.01104398,-96.78923302,4880910000,32.300517,1
2021/6/17,56,58.415001,55.369999,55.897499,55.897499,18434400,-8.647499,50.24256947,13.36328412,-69.94918947,4899344400,31.05000302,0
2021/6/18,55.044998,55.872501,53.25,53.455002,53.455002,17281200,-8.634998,47.90517258,13.32952098,-87.74057638,4882063200,29.52557697,0
2021/6/19,54.237499,54.599998,49.25,50.092499,50.092499,20480800,-19.910003,44.81423701,13.97113114,-101.5602271,4861582400,27.46291661,0
2021/6/20,54.237499,54.599998,49.25,50.092499,50.092499,20480800,-19.910003,44.81423701,13.97113114,-101.5602271,4861582400,27.46291661,0
2021/6/21,54.237499,54.599998,49.25,50.092499,50.092499,20480800,-19.910003,44.81423701,13.97113114,-101.5602271,4861582400,27.46291661,0
2021/6/22,54.432499,56.470001,52.2925,55.099998,55.099998,32800800,-19.900002,49.98927528,12.62093064,-61.99287759,4894383200,25.83085799,1
2021/6/23,55.362499,55.642502,53.529999,54.834999,54.834999,14220400,-20.805,49.7235355,12.05124824,-55.54290136,4880162800,24.31537498,0
2021/6/24,55.290001,56.862499,52.900002,53.077499,53.077499,15453200,-2.020001,47.90469917,12.09423185,-53.82435988,4864709600,23.10788362,0
2021/6/25,53.5,53.549999,49.625,52.377499,52.377499,50770800,-5.9575,47.16469186,11.91570889,-76.08656138,4813938800,21.5274323,0
2021/6/26,52.8125,56.112499,52.549999,53.3125,53.3125,19517600,-4.047501,48.31320564,11.37095347,-49.7320721,4833456400,20.36518282,1
2021/6/27,52.8125,56.112499,52.549999,53.3125,53.3125,19517600,-4.047501,48.31320564,11.37095347,-49.7320721,4833456400,20.36518282,1
2021/6/28,52.8125,56.112499,52.549999,53.3125,53.3125,19517600,-4.047501,48.31320564,11.37095347,-49.7320721,4833456400,20.36518282,1
2021/6/29,53.397499,53.805,52.002499,52.720001,52.720001,9920000,-2.904999,47.60698104,10.92162284,-84.4030447,4823536400,19.18059419,0
2021/6/30,52.422501,53.82,51.735001,53.535,53.535,10158400,-2.2075,48.71743576,10.26530504,-68.78891567,4833694800,18.02636089,1
2021/7/1,53.349998,54.2075,50.5,51.09,51.09,10968400,-4.807499,45.59528524,10.50658553,-106.021364,4822726400,16.78134819,0
2021/7/2,51.200001,51.362499,49.125,50.7075,50.7075,10396400,-2.747502,45.10824748,10.14489095,-148.0265684,4812330000,15.91212339,0
2021/7/3,51,51.192501,48.427502,49.889999,49.889999,11072400,-0.2025,44.02583733,9.970487636,-140.9367365,4801257600,15.2521161,0
2021/7/4,51,51.192501,48.427502,49.889999,49.889999,11072400,-0.2025,44.02583733,9.970487636,-140.9367365,4801257600,15.2521161,0
2021/7/5,51,51.192501,48.427502,49.889999,49.889999,11072400,-0.2025,44.02583733,9.970487636,-140.9367365,4801257600,15.2521161,0
2021/7/6,51,51.192501,48.427502,49.889999,49.889999,11072400,-0.2025,44.02583733,9.970487636,-140.9367365,4801257600,15.2521161,0
2021/7/7,49,49.375,44.389999,47.665001,47.665001,16958000,-7.434997,41.13282395,10.51469166,-193.0359926,4784299600,15.43016154,0
2021/7/8,44.9575,48.555,44.875,47.845001,47.845001,11430000,-6.989998,41.46791619,10.2763031,-161.3514889,4795729600,15.59548944,1
2021/7/9,47.720001,48.695,46.6875,47.807499,47.807499,6331600,-5.27,41.41502106,9.849704774,-113.8773,4789398000,15.70907137,1
2021/7/10,47.855,49.4375,46.855,47.3125,47.3125,6545200,-5.064999,40.67747023,9.631729405,-90.59879144,4782852800,15.59351708,0
2021/7/11,47.855,49.4375,46.855,47.3125,47.3125,6545200,-5.064999,40.67747023,9.631729405,-90.59879144,4782852800,15.59351708,0
2021/7/12,47.855,49.4375,46.855,47.3125,47.3125,6545200,-5.064999,40.67747023,9.631729405,-90.59879144,4782852800,15.59351708,0
2021/7/13,46.919998,47.197498,44.75,45.014999,45.014999,9591600,-8.297501,37.35248555,9.806835348,-125.039384,4773261200,15.94400924,0
2021/7/14,45.122501,45.595001,41.267502,41.904999,41.904999,15655200,-10.815002,33.37550946,10.51981682,-158.4698417,4757606000,16.93569229,0
2021/7/15,40,42.997501,39.502499,41.705002,41.705002,17194400,-11.829998,33.13121221,10.41383832,-157.4296319,4740411600,18.1581928,1
2021/7/16,42.537498,44.8675,41.575001,42.259998,42.259998,13151600,-8.830002,34.56263372,10.09950156,-108.1172231,4753563200,18.67812849,0
2021/7/17,40.825001,44,40.305,43.372501,43.372501,9747600,-7.334999,37.45295999,9.746076383,-102.3288679,4763310800,19.39998333,1
2021/7/18,40.825001,44,40.305,43.372501,43.372501,9747600,-7.334999,37.45295999,9.746076383,-102.3288679,4763310800,19.39998333,1
2021/7/19,40.825001,44,40.305,43.372501,43.372501,9747600,-7.334999,37.45295999,9.746076383,-102.3288679,4763310800,19.39998333,1
2021/7/20,43.474998,48.41,43.105,47.794998,47.794998,12404400,-2.095001,47.3993062,9.005353895,-11.51893369,4775715200,18.74814761,1
2021/7/21,46.947498,48.877499,45.5275,46.452499,46.452499,8916800,-1.212502,45.05696656,9.118902344,12.71967322,4766798400,18.01571334,0
2021/7/22,46.325001,46.922501,44.037498,44.712502,44.712502,5652000,-3.132499,42.14965786,9.257950344,-23.78693269,4761146400,17.67874985,0
2021/7/23,45.25,45.400002,43.459999,45.09,45.09,5264800,-2.717499,43.00884447,8.832018349,-31.75907586,4766411200,17.49865659,0
2021/7/24,45.09,46.509998,44.689999,45.985001,45.985001,5042400,-1.327499,45.09102534,8.324242344,16.25282564,4771453600,16.9818363,1
2021/7/25,45.09,46.509998,44.689999,45.985001,45.985001,5042400,-1.327499,45.09102534,8.324242344,16.25282564,4771453600,16.9818363,1
2021/7/26,45.09,46.509998,44.689999,45.985001,45.985001,5042400,-1.327499,45.09102534,8.324242344,16.25282564,4771453600,16.9818363,1
2021/7/27,45.75,46.25,44.165001,44.634998,44.634998,4859200,-0.380001,42.56488019,8.297098586,-5.533818132,4766594400,16.63775008,0
2021/7/28,43.93,44.279999,41.067501,42.279999,42.279999,16403200,0.375,38.51165234,8.736286232,-88.94661341,4750191200,17.06269866,0
2021/7/29,42.650002,43.4725,41.127499,41.215,41.215,8960000,-0.490002,36.80479523,8.728293012,-94.55049858,4741231200,17.45729378,0
2021/7/30,41.25,41.805,39.717499,40.279999,40.279999,9508400,-1.979999,35.3245646,8.663154305,-123.9862301,4731722800,18.14967053,0
2021/7/31,40.5,40.897499,38.764999,39.412498,39.412498,10131600,-3.960003,33.95987567,8.60790041,-133.59834,4721591200,19.00657501,0
2021/8/1,40.5,40.897499,38.764999,39.412498,39.412498,10131600,-3.960003,33.95987567,8.60790041,-133.59834,4721591200,19.00657501,0
2021/8/2,40.5,40.897499,38.764999,39.412498,39.412498,10131600,-3.960003,33.95987567,8.60790041,-133.59834,4721591200,19.00657501,0
2021/8/3,39.185001,39.7225,37.049999,38.1875,38.1875,57802400,-9.607498,32.07544724,8.749338789,-148.312691,4663788800,20.17074712,0
2021/8/4,38.182499,39.447498,36.422501,36.700001,36.700001,9574000,-9.752498,29.90540014,9.042427887,-147.7437296,4654214800,21.38243095,0
2021/8/5,37,39.400002,36.305,38.360001,38.360001,9648400,-6.352501,35.17609325,8.609493784,-110.3995018,4663863200,22.5330256,1
2021/8/6,38.647499,39.125,37.577499,37.942501,37.942501,5410800,-7.147499,34.47397921,8.373822146,-88.14972134,4658452400,23.60143493,0
2021/8/7,37.950001,41.177502,37.665001,40.282501,40.282501,8996800,-5.7025,41.51953031,7.946837613,-47.06108078,4667449200,23.58171054,1
2021/8/8,37.950001,41.177502,37.665001,40.282501,40.282501,8996800,-5.7025,41.51953031,7.946837613,-47.06108078,4667449200,23.58171054,1
2021/8/9,37.950001,41.177502,37.665001,40.282501,40.282501,8996800,-5.7025,41.51953031,7.946837613,-47.06108078,4667449200,23.58171054,1
2021/8/10,40.34,41.724998,38.837502,39.762501,39.762501,6493200,-4.872497,40.47795212,7.994413098,-29.71957204,4660956000,23.31017597,0
2021/8/11,39.607498,39.762501,38.654999,39.695,39.695,3781600,-2.584999,40.33649359,7.635294773,-42.73191182,4657174400,23.11656165,1
2021/8/12,39.970001,41.07,39.3325,40.587502,40.587502,5271200,-0.627498,43.16470825,7.239789055,-6.262119722,4662445600,22.30753304,1
2021/8/13,40.1175,40.887501,39.352501,40.630001,40.630001,4059200,0.350002,43.30253118,6.985486248,7.942183089,4666504800,21.55629219,1
2021/8/14,40.25,42.470001,39.790001,40.982498,40.982498,6290400,1.57,44.50457947,6.897829675,72.27763369,4672795200,20.11610949,1
2021/8/15,40.25,42.470001,39.790001,40.982498,40.982498,6290400,1.57,44.50457947,6.897829675,72.27763369,4672795200,20.11610949,1
2021/8/16,40.25,42.470001,39.790001,40.982498,40.982498,6290400,1.57,44.50457947,6.897829675,72.27763369,4672795200,20.11610949,1
2021/8/17,40.297501,42.369999,40.275002,40.887501,40.887501,4863600,2.700001,44.23241088,6.785995347,91.34963754,4667931600,18.77879698,1
2021/8/18,40.8125,41.400002,39.1875,39.262501,39.262501,5647200,2.5625,39.75382987,6.964590335,25.0149046,4662284400,18.02303318,0
2021/8/19,39.192501,39.497501,37.695,38.224998,38.224998,4786000,-0.135003,37.16638657,6.979471831,-67.28780638,4657498400,17.92812685,0
2021/8/20,38.450001,40.022499,38.310001,39.825001,39.825001,4619600,1.8825,43.29585474,6.542953756,-2.76198623,4662118000,17.5576678,1
2021/8/21,40.595001,41.822498,39.887501,41.2225,41.2225,5372000,0.939999,48.06163914,6.21574646,94.87022013,4667490000,16.31847853,1
2021/8/22,40.595001,41.822498,39.887501,41.2225,41.2225,5372000,0.939999,48.06163914,6.21574646,94.87022013,4667490000,16.31847853,1
2021/8/23,40.595001,41.822498,39.887501,41.2225,41.2225,5372000,0.939999,48.06163914,6.21574646,94.87022013,4667490000,16.31847853,1
2021/8/24,41.572498,56.25,41.287498,52.572498,52.572498,58608800,12.809997,70.06613259,6.567423346,395.68948,4726098800,18.64294033,1
2021/8/25,51.662498,56.75,48.25,49.912498,49.912498,51444400,10.217498,63.29779161,7.639735642,253.2961455,4674654400,20.86692807,0
2021/8/26,50.169998,54.25,49.75,51.305,51.305,24954400,10.717498,65.19334179,7.528001683,166.6586957,4699608800,22.93205954,1
2021/8/27,51.924999,53.25,50.005001,51.237499,51.237499,12923200,10.607498,65.01804416,7.451871393,120.5221086,4686685600,24.84968161,0
2021/8/28,51.25,54.547501,50.755001,52.299999,52.299999,13238400,11.317501,66.54301999,7.296979503,106.5932734,4699924000,26.82752879,1
2021/8/29,51.25,54.547501,50.755001,52.299999,52.299999,13238400,11.317501,66.54301999,7.296979503,106.5932734,4699924000,26.82752879,1
2021/8/30,51.25,54.547501,50.755001,52.299999,52.299999,13238400,11.317501,66.54301999,7.296979503,106.5932734,4699924000,26.82752879,1
2021/8/31,53.174999,55.575001,52.865002,54.560001,54.560001,14298800,13.6725,69.58064045,6.92385365,105.1555451,4714222800,28.81591403,1
2021/9/1,56,57.860001,52.005001,53.2425,53.2425,17815200,13.979999,65.82843087,7.373876947,89.30862822,4696407600,30.97592856,0
2021/9/2,53.465,53.700001,51.575001,53.380001,53.380001,7408000,15.155003,66.03429415,7.113883295,63.93324974,4703815600,32.76293299,0
2021/9/3,53.012501,54.067501,49.709999,50.6875,50.6875,10634400,10.862499,58.59078097,7.570700675,42.46080351,4693181200,33.50300419,0
2021/9/4,51.5625,52.474998,49.025002,49.75,49.75,9985200,8.5275,56.21471485,7.657743253,24.53800438,4683196000,33.86713717,0
2021/9/5,51.5625,52.474998,49.025002,49.75,49.75,9985200,8.5275,56.21471485,7.657743253,24.53800438,4683196000,33.86713717,0
2021/9/6,51.5625,52.474998,49.025002,49.75,49.75,9985200,8.5275,56.21471485,7.657743253,24.53800438,4683196000,33.86713717,0
2021/9/7,51.5625,52.474998,49.025002,49.75,49.75,9985200,8.5275,56.21471485,7.657743253,24.53800438,4683196000,33.86713717,0
2021/9/8,50.465,51.720001,47.669998,49.700001,49.700001,20694400,-2.872497,56.08408465,7.699979364,7.210080611,4662501600,33.58080801,0
2021/9/9,45.022499,50.5,44.5,49.794998,49.794998,30046000,-0.1175,56.29190531,7.997012022,-36.60735823,4692547600,32.0430233,1
2021/9/10,49.602501,50.540001,47.5,47.602501,47.602501,12170400,-3.702499,50.36766834,8.223976163,-61.18851281,4680377200,30.62676457,0
2021/9/11,48.4375,52.220001,47.875,50.849998,50.849998,17336400,-0.387501,57.50194521,7.797463203,-43.10638043,4697713600,29.79822592,1
2021/9/12,48.4375,52.220001,47.875,50.849998,50.849998,17336400,-0.387501,57.50194521,7.797463203,-43.10638043,4697713600,29.79822592,1
2021/9/13,48.4375,52.220001,47.875,50.849998,50.849998,17336400,-0.387501,57.50194521,7.797463203,-43.10638043,4697713600,29.79822592,1
2021/9/14,50.162498,51.154999,48.75,49.810001,49.810001,8566400,-2.489998,54.78598879,7.73655984,-60.73201718,4689147200,29.02886859,0
2021/9/15,49.25,51.217499,48.4375,51.130001,51.130001,9241600,-3.43,57.52800163,7.386849335,-39.18950654,4698388800,28.17448619,1
2021/9/16,50.5825,54.137501,50.287498,51.592499,51.592499,12232800,-1.650001,58.47815498,7.330751816,35.5075673,4710621600,28.2230714,1
2021/9/17,52.005001,53.122501,50.195,51.2425,51.2425,15783600,-2.137501,57.43107565,7.261694847,14.53299974,4694838000,28.22377528,0
2021/9/18,50,50.712502,46.137501,48.049999,48.049999,15767200,-2.637501,48.84062316,7.949897707,-106.2692599,4679070800,26.5241447,0
2021/9/19,50,50.712502,46.137501,48.049999,48.049999,15767200,-2.637501,48.84062316,7.949897707,-106.2692599,4679070800,26.5241447,0
2021/9/20,50,50.712502,46.137501,48.049999,48.049999,15767200,-2.637501,48.84062316,7.949897707,-106.2692599,4679070800,26.5241447,0
2021/9/21,49.84,49.84,46.5,47.487499,47.487499,10535200,-2.262501,47.49267893,7.971877729,-113.9818074,4668535600,24.94591631,0
2021/9/22,47.41,48.375,46.572498,47.535,47.535,9026400,-2.165001,47.62413687,7.665914084,-121.3873121,4677562000,23.48041851,1
2021/9/23,48.0825,48.9375,47.650002,47.810001,47.810001,6729200,-1.984997,48.42912171,7.286939128,-76.78412586,4684291200,22.33218147,0
2021/9/24,47.75,47.93,46.0275,46.290001,46.290001,6743200,-1.3125,44.36993268,7.282198051,-125.0698489,4677548000,20.88475238,0
2021/9/25,46.48,48.012501,46.467499,47.369999,47.369999,5880400,-3.479999,47.7227469,6.867605344,-85.57122889,4683428400,19.50566788,1
2021/9/26,46.48,48.012501,46.467499,47.369999,47.369999,5880400,-3.479999,47.7227469,6.867605344,-85.57122889,4683428400,19.50566788,1
2021/9/27,46.48,48.012501,46.467499,47.369999,47.369999,5880400,-3.479999,47.7227469,6.867605344,-85.57122889,4683428400,19.50566788,1
2021/9/28,47,47.702499,44.5,44.650002,44.650002,7082000,-5.159999,41.01770602,7.277858988,-141.2002514,4676346400,18.99758267,0
2021/9/29,45.022499,46.119999,43.6525,43.98,43.98,7599600,-7.150001,39.54387538,7.261715291,-155.1947449,4668746800,18.82929046,0
2021/9/30,43.75,46.362499,41.697498,43.8675,43.8675,12682800,-7.724999,39.28860295,7.519906863,-145.1926682,4656064000,19.31327621,1
2021/10/1,44.849998,44.872501,43.0625,44.227501,44.227501,6204400,-7.014999,40.60982303,7.218252518,-120.261369,4662268400,19.76269156,0
2021/10/2,43.987499,44.237499,42.692501,42.84,42.84,4782800,-5.209999,37.24553311,7.177351467,-122.5053262,4657485600,20.30253487,0
2021/10/3,43.987499,44.237499,42.692501,42.84,42.84,4782800,-5.209999,37.24553311,7.177351467,-122.5053262,4657485600,20.30253487,0
2021/10/4,43.987499,44.237499,42.692501,42.84,42.84,4782800,-5.209999,37.24553311,7.177351467,-122.5053262,4657485600,20.30253487,0
2021/10/5,42.797501,43.2925,41.674999,43.044998,43.044998,5263600,-4.442501,38.06196645,6.901350534,-117.4443198,4662749200,21.13566576,1
2021/10/6,42.514999,43.240002,41.452499,42.767502,42.767502,4801200,-4.767498,37.3535322,6.74851927,-106.6944328,4657948000,21.9813551,1
2021/10/7,43,43.799999,42.634998,43.029999,43.029999,4637200,-4.780002,38.51926675,6.421641442,-76.90153756,4662585200,22.39959783,1
2021/10/8,43.125,43.93,42.779999,43.169998,43.169998,3272800,-3.120003,39.16941196,6.133892906,-63.43488846,4665858000,22.70059483,1
2021/10/9,43.25,47.122501,43.25,44.525002,44.525002,10739600,-2.844997,45.20866889,6.15649636,5.355065282,4676597600,21.15370463,1
2021/10/10,43.25,47.122501,43.25,44.525002,44.525002,10739600,-2.844997,45.20866889,6.15649636,5.355065282,4676597600,21.15370463,1
2021/10/11,43.25,47.122501,43.25,44.525002,44.525002,10739600,-2.844997,45.20866889,6.15649636,5.355065282,4676597600,21.15370463,1
2021/10/12,45.125,45.445,43.450001,43.955002,43.955002,4934800,-0.695,43.26287931,6.115075311,-15.59155172,4671662800,19.71730657,0
2021/10/13,44.575001,47.052502,44,46.014999,46.014999,7711600,2.034999,51.40346855,5.904900577,70.70200124,4679374400,18.99572126,1
2021/10/14,45.939999,47.549999,45.650002,45.9575,45.9575,6695600,2.09,51.18272383,5.785285511,114.2419464,4672678800,18.54495804,1
2021/10/15,46,46.744999,45.220001,45.82,45.82,4800000,1.592499,50.62287369,5.625902858,103.3117525,4667878800,17.8797224,0
2021/10/16,45.735001,47.467499,45.637501,46.505001,46.505001,6358400,3.665001,53.35991243,5.428179797,128.7147146,4674237200,17.60264543,1
2021/10/17,45.735001,47.467499,45.637501,46.505001,46.505001,6358400,3.665001,53.35991243,5.428179797,128.7147146,4674237200,17.60264543,1
2021/10/18,45.735001,47.467499,45.637501,46.505001,46.505001,6358400,3.665001,53.35991243,5.428179797,128.7147146,4674237200,17.60264543,1
2021/10/19,47.247501,48.044998,46.099998,46.697498,46.697498,8282400,3.6525,54.12940939,5.317182379,122.0852861,4682519600,17.61115453,0
2021/10/20,46.5825,47,45.494999,46.130001,46.130001,9107600,3.362499,51.43519453,5.231161163,72.12468937,4673412000,17.22767755,0
2021/10/21,46.177502,47.674999,45.150002,45.427502,45.427502,9609600,2.397503,48.23464296,5.3296456,57.90835797,4663802400,17.2035815,0
2021/10/22,44.525002,44.872501,41.950001,42.450001,42.450001,11201600,-0.719997,37.56521356,5.881225539,-81.14578532,4652600800,16.54540034,0
2021/10/23,42.355,43.700001,41.814999,43.4925,43.4925,5771200,-1.032502,42.37168598,5.639814073,-88.0104897,4658372000,15.99717806,1
2021/10/24,42.355,43.700001,41.814999,43.4925,43.4925,5771200,-1.032502,42.37168598,5.639814073,-88.0104897,4658372000,15.99717806,1
2021/10/25,42.355,43.700001,41.814999,43.4925,43.4925,5771200,-1.032502,42.37168598,5.639814073,-88.0104897,4658372000,15.99717806,1
2021/10/26,43.34,46.25,43.125,44.459999,44.459999,8706800,0.504997,46.48889842,5.625064352,-21.55726955,4667078800,15.4889278,1
2021/10/27,45,45.772499,43.0825,43.377499,43.377499,4428000,-2.6375,42.8040917,5.796577558,-56.80142281,4662650800,14.99428624,0
2021/10/28,43.790001,45.785,43.75,45.712502,45.712502,6784800,-0.244998,51.69769119,5.48378207,-7.905723354,4669435600,14.54100778,1
2021/10/29,45.702499,46.4375,44.5,45.877499,45.877499,9176000,0.057499,52.26255669,5.375427201,22.34000052,4678611600,14.442117,1
2021/10/30,45.6325,52.142502,45.512501,50.022499,50.022499,19776800,3.517498,63.73584472,5.52457852,206.9865894,4698388400,16.31823124,1
2021/10/31,45.6325,52.142502,45.512501,50.022499,50.022499,19776800,3.517498,63.73584472,5.52457852,206.9865894,4698388400,16.31823124,1
2021/11/1,45.6325,52.142502,45.512501,50.022499,50.022499,19776800,3.517498,63.73584472,5.52457852,206.9865894,4698388400,16.31823124,1
2021/11/2,49.837502,52.985001,47.922501,51.747501,51.747501,15529200,5.050003,67.26221406,5.657749962,219.459776,4713917600,18.26375755,1
2021/11/3,53.5,63.922501,52.0625,54.5825,54.5825,45062400,8.452499,72.06928258,6.574016376,277.8472072,4758980000,21.69003515,1
2021/11/4,55.5,57.2425,52.887501,54.459999,54.459999,11632000,9.032497,71.58018532,6.689367332,156.4078427,4747348000,24.87157864,0
2021/11/5,55.16,55.25,52.252499,53.3125,53.3125,7242800,10.862499,66.99373601,6.74686089,102.5960217,4740105200,27.51314102,0
2021/11/6,53.125,56.259998,53.002499,54.66,54.66,8631600,11.1675,69.46775833,6.536179728,98.2103986,4748736800,30.08363864,1
2021/11/7,53.125,56.259998,53.002499,54.66,54.66,8631600,11.1675,69.46775833,6.536179728,98.2103986,4748736800,30.08363864,1
2021/11/8,53.125,56.259998,53.002499,54.66,54.66,8631600,11.1675,69.46775833,6.536179728,98.2103986,4748736800,30.08363864,1
2021/11/9,55.5,55.872501,51.110001,51.650002,51.650002,7381200,7.190003,58.85532195,7.081632406,60.56272721,4741355600,31.53476745,0
2021/11/10,50.529999,51.8475,49.125,49.797501,49.797501,5237600,6.420002,53.44395108,7.210935951,16.74983465,4736118000,31.99063453,0
2021/11/11,50,52.022499,49.537498,51.080002,51.080002,4317600,5.3675,56.43061872,6.875245526,19.65497774,4740435600,32.44860958,1
2021/11/12,50.535,51.34,49.470001,50.525002,50.525002,3712000,4.647503,54.79247628,6.718651205,3.386829004,4736723600,32.84187226,0
2021/11/13,50.965,52.875,50.422501,52.285,52.285,5865600,2.262501,58.87002511,6.363786599,24.70599945,4742589200,33.53257603,1
2021/11/14,50.965,52.875,50.422501,52.285,52.285,5865600,2.262501,58.87002511,6.363786599,24.70599945,4742589200,33.53257603,1
2021/11/15,50.965,52.875,50.422501,52.285,52.285,5865600,2.262501,58.87002511,6.363786599,24.70599945,4742589200,33.53257603,1
2021/11/16,52.255001,53.142502,50.907501,51.794998,51.794998,4858400,0.047497,57.31990874,6.27335491,16.03851801,4737730800,34.22978024,0
2021/11/17,51.575001,54.424999,51.5,52.5,52.5,5410800,-2.0825,58.99294681,6.144992061,29.43926873,4743141600,35.14290027,1
2021/11/18,52.5625,53.785,51.875,52.529999,52.529999,4017600,-1.93,59.06647616,5.962520961,12.63884328,4747159200,35.99079744,0
2021/11/19,52.285,57.3475,52.0625,57.200001,57.200001,12136800,3.887501,68.52733663,5.744562664,111.5349828,4759296000,37.43844704,1
2021/11/20,57.615002,62.41,57.4375,61.887501,61.887501,17485600,7.227501,74.8186279,5.531530939,222.6984368,4776781600,39.44111598,1
2021/11/21,57.615002,62.41,57.4375,61.887501,61.887501,17485600,7.227501,74.8186279,5.531530939,222.6984368,4776781600,39.44111598,1
2021/11/22,57.615002,62.41,57.4375,61.887501,61.887501,17485600,7.227501,74.8186279,5.531530939,222.6984368,4776781600,39.44111598,1
2021/11/23,60.959999,63.049999,53.139999,53.474998,53.474998,13380800,1.824996,53.96827301,7.268181859,96.78753064,4763400800,39.39148902,0
2021/11/24,54.3125,55.997501,52,52.945,52.945,5237600,3.147499,52.96679575,7.35589255,6.493986459,4758163200,38.90825685,0
2021/11/25,52.02,52.932499,49.799999,49.93,49.93,4941200,-1.150002,47.55997512,7.69284227,-75.58302601,4753222000,37.66402507,0
2021/11/26,52.02,52.932499,49.799999,49.93,49.93,4941200,-1.150002,47.55997512,7.69284227,-75.58302601,4753222000,37.66402507,0
2021/11/27,51,51.977501,50.235001,50.502499,50.502499,4435200,-0.022503,48.63223736,7.351965874,-67.97767263,4757657200,36.50866698,0
2021/11/28,51,51.977501,50.235001,50.502499,50.502499,4435200,-0.022503,48.63223736,7.351965874,-67.97767263,4757657200,36.50866698,0
2021/11/29,51,51.977501,50.235001,50.502499,50.502499,4435200,-0.022503,48.63223736,7.351965874,-67.97767263,4757657200,36.50866698,0
2021/11/30,50.025002,50.987499,47,49.052502,49.052502,6895600,-3.232498,46.06320638,7.609273048,-111.1978056,4750761600,34.34877808,0
2021/12/1,49.849998,50.0275,44.252499,44.959999,44.959999,9406000,-6.834999,39.69031871,8.626399147,-163.6593626,4741355600,32.22772763,0
2021/12/2,46.25,46.857498,43.267502,45.389999,45.389999,8348400,-7.110001,40.61989954,8.499287729,-163.0883977,4749704000,30.51815749,0
2021/12/3,45.25,45.982498,39.762501,43.0975,43.0975,16386800,-9.432499,37.31744108,9.342892445,-168.6709931,4733317200,29.76664269,0
2021/12/4,41.5,43.334999,40.799999,41.779999,41.779999,8914400,-15.420002,35.52965328,9.382512351,-144.7016169,4724402800,29.06880752,1
2021/12/5,41.5,43.334999,40.799999,41.779999,41.779999,8914400,-15.420002,35.52965328,9.382512351,-144.7016169,4724402800,29.06880752,1
2021/12/6,41.5,43.334999,40.799999,41.779999,41.779999,8914400,-15.420002,35.52965328,9.382512351,-144.7016169,4724402800,29.06880752,1
2021/12/7,43.794998,45.494999,42.627499,44.452499,44.452499,7889600,-17.435002,41.63751674,8.785489743,-88.9534706,4732292400,27.70438603,1
2021/12/8,44.150002,45.0625,42.990002,43.412498,43.412498,10444800,-10.0625,40.04748678,8.694386419,-80.09557252,4721847600,26.43742322,0
2021/12/9,41.75,43.172501,37.75,38.939999,38.939999,20337200,-14.005001,34.0291938,10.03931941,-112.1668766,4701510400,26.48536956,0
2021/12/10,39.9575,40.575001,37,39.752499,39.752499,18107600,-10.177501,35.91337751,9.77405622,-107.3892399,4719618000,26.67833213,0
2021/12/11,40.0825,40.2225,33.767502,34.220001,34.220001,21944800,-16.282498,29.69428633,11.89062519,-137.6609767,4697673200,27.4486368,0
2021/12/12,40.0825,40.2225,33.767502,34.220001,34.220001,21944800,-16.282498,29.69428633,11.89062519,-137.6609767,4697673200,27.4486368,0
2021/12/13,40.0825,40.2225,33.767502,34.220001,34.220001,21944800,-16.282498,29.69428633,11.89062519,-137.6609767,4697673200,27.4486368,0
2021/12/14,32.75,37.592499,32.375,36.922501,36.922501,26048400,-12.130001,35.56414184,11.24249329,-132.4159039,4723721600,28.39364961,1
2021/12/15,36.865002,38,35.279999,37.147499,37.147499,11064000,-7.8125,36.04290766,10.89923925,-100.8043834,4734785600,29.1108955,1
2021/12/16,38.232498,38.610001,35.532501,36.147499,36.147499,8659200,-9.2425,34.80512403,11.00882966,-87.9503711,4726126400,29.52904166,0
2021/12/17,35.9375,39.642502,34.8325,38.91,38.91,17226800,-4.1875,40.84847716,10.37970732,-60.35234707,4743353200,29.49607445,1
2021/12/18,38.297501,39.919998,37.424999,39.285,39.285,7314400,-2.494999,41.63933468,9.999940464,-31.98197486,4750667600,29.35032255,1
2021/12/19,38.297501,39.919998,37.424999,39.285,39.285,7314400,-2.494999,41.63933468,9.999940464,-31.98197486,4750667600,29.35032255,1
2021/12/20,38.297501,39.919998,37.424999,39.285,39.285,7314400,-2.494999,41.63933468,9.999940464,-31.98197486,4750667600,29.35032255,1
2021/12/21,39.264999,40.0625,38.785,39.529999,39.529999,5720800,-4.9225,42.1832158,9.458945696,-10.96630663,4756388400,29.15253246,1
2021/12/22,39.5825,39.787498,38.029999,38.5,38.5,4188800,-4.912498,40.4754338,9.344355066,-19.86450416,4752199600,29.16639049,0
2021/12/23,38.5,38.75,36.505001,38.035,38.035,4222000,-0.904999,39.69413012,9.20458527,-43.31263915,4747977600,29.56141905,0
2021/12/24,38,38.154999,35,37.077499,37.077499,6454400,-2.675,38.06475038,9.375638366,-68.49975728,4741523200,30.27567296,0
2021/12/25,38,38.154999,35,37.077499,37.077499,6454400,-2.675,38.06475038,9.375638366,-68.49975728,4741523200,30.27567296,0
2021/12/26,38,38.154999,35,37.077499,37.077499,6454400,-2.675,38.06475038,9.375638366,-68.49975728,4741523200,30.27567296,0
2021/12/27,38,38.154999,35,37.077499,37.077499,6454400,-2.675,38.06475038,9.375638366,-68.49975728,4741523200,30.27567296,0
2021/12/28,36.875,39.352501,36.602501,36.615002,36.615002,5324400,2.395001,37.26896184,9.352388026,-30.51080603,4736198800,30.34082112,0
2021/12/29,36.962502,38.872501,35.535,38.482498,38.482498,8149600,1.559997,42.49657954,8.882405788,-9.503938234,4744348400,30.66900008,1
2021/12/30,37.75,40,37.5,38.8325,38.8325,6247600,1.685001,43.44776811,8.633458937,75.52512898,4750596000,30.41150958,1
2021/12/31,38.404999,39.182499,37.025002,37.0975,37.0975,5576000,0.950001,39.92240931,8.807127982,13.0754336,4745020000,30.30673231,0
2022/1/1,37.307499,39.845001,37.302502,38.209999,38.209999,5654800,-0.700001,43.10995879,8.45354958,57.79241519,4750674800,29.86605123,1
2022/1/2,37.307499,39.845001,37.302502,38.209999,38.209999,5654800,-0.700001,43.10995879,8.45354958,57.79241519,4750674800,29.86605123,1
2022/1/3,37.307499,39.845001,37.302502,38.209999,38.209999,5654800,-0.700001,43.10995879,8.45354958,57.79241519,4750674800,29.86605123,1
2022/1/4,38.0425,38.247501,35.762501,37.227501,37.227501,7339600,-2.057499,41.03906142,8.533690443,-74.39397099,4743335200,29.91941715,0
2022/1/5,37.0975,37.212502,32.287498,32.342499,32.342499,13585600,-7.1875,32.64279732,10.21200333,-274.6921248,4729749600,30.8204586,0
2022/1/6,33.209999,34.424999,30.285,32.7575,32.7575,24206000,-5.7425,33.88041882,10.2651783,-247.4535064,4753955600,32.0526122,0
2022/1/7,39.942501,40.077499,33.125,35.154999,35.154999,48549200,-2.880001,40.66339752,10.36918252,-53.32165829,4802504800,30.80084964,0
2022/1/8,33.747501,33.922501,30,32.787498,32.787498,22048000,-4.290001,36.66356779,11.44681017,-171.8499769,4780456800,30.36405658,0
2022/1/9,33.747501,33.922501,30,32.787498,32.787498,22048000,-4.290001,36.66356779,11.44681017,-171.8499769,4780456800,30.36405658,0
2022/1/10,33.747501,33.922501,30,32.787498,32.787498,22048000,-4.290001,36.66356779,11.44681017,-171.8499769,4780456800,30.36405658,0
2022/1/11,32.525002,34.200001,31.8475,32.575001,32.575001,10332400,-4.040001,36.318257,11.21436113,-115.5831747,4770124400,29.8583814,1
2022/1/12,32.5,32.830002,31.612499,32.014999,32.014999,6298000,-6.467499,35.37274795,10.86712072,-111.1044204,4763826400,29.44441417,0
2022/1/13,32.125,32.625,30.422501,30.620001,30.620001,8901200,-8.212499,33.06356144,11.06440914,-112.0333915,4754925200,29.34435197,0
2022/1/14,30.0375,30.575001,28.004999,29.1625,29.1625,15402000,-7.935,30.80112323,11.42807923,-132.8143588,4739523200,29.78024736,0
2022/1/15,28.2775,28.4375,26.1,27.227501,27.227501,15022400,-10.982498,28.05630185,12.16936007,-149.8052174,4724500800,30.55526667,0
2022/1/16,28.2775,28.4375,26.1,27.227501,27.227501,15022400,-10.982498,28.05630185,12.16936007,-149.8052174,4724500800,30.55526667,0
2022/1/17,28.2775,28.4375,26.1,27.227501,27.227501,15022400,-10.982498,28.05630185,12.16936007,-149.8052174,4724500800,30.55526667,0
2022/1/18,28.2775,28.4375,26.1,27.227501,27.227501,15022400,-10.982498,28.05630185,12.16936007,-149.8052174,4724500800,30.55526667,0
2022/1/19,27.502501,28.262501,26.102501,26.6425,26.6425,9614400,-10.585001,27.26522768,12.12733796,-133.242544,4714886400,31.27492745,0
2022/1/20,26.975,28.799999,25.4,25.6675,25.6675,11680400,-6.674999,25.95185528,12.63502685,-126.7776821,4703206000,32.08398597,0
2022/1/21,25.25,27.5525,23.18,26.59,26.59,22120000,-6.1675,29.41626945,12.50006493,-120.9003565,4725326000,33.25149228,1
2022/1/22,24.754999,25.715,21.5725,25.0375,25.0375,25039600,-10.117499,27.1169155,13.75835516,-128.6695733,4700286400,34.60583993,1
2022/1/23,24.754999,25.715,21.5725,25.0375,25.0375,25039600,-10.117499,27.1169155,13.75835516,-128.6695733,4700286400,34.60583993,1
2022/1/24,24.754999,25.715,21.5725,25.0375,25.0375,25039600,-10.117499,27.1169155,13.75835516,-128.6695733,4700286400,34.60583993,1
2022/1/25,24.23,26.2425,23.752501,24.9475,24.9475,14297200,-7.839998,26.9852294,13.53462994,-95.98209407,4685989200,35.58870553,1
2022/1/26,25.275,29.75,25.077499,25.815001,25.815001,33330000,-6.76,30.48922793,13.47435643,-49.76522508,4719319200,34.87754473,1
2022/1/27,26.035,26.75,23.2225,23.379999,23.379999,14644400,-8.635,26.62659961,14.89269531,-88.70531608,4704674800,34.64354558,0
2022/1/28,23.85,24.5,21.9025,24.477501,24.477501,16430400,-6.1425,30.87718358,13.96686585,-101.1259633,4721105200,34.70935741,1
2022/1/29,24.467501,27.455,24.465,27.2325,27.2325,13997200,-1.93,40.23654949,12.44144115,-27.19025084,4735102400,33.58356584,1
2022/1/30,24.467501,27.455,24.465,27.2325,27.2325,13997200,-1.93,40.23654949,12.44144115,-27.19025084,4735102400,33.58356584,1
2022/1/31,24.467501,27.455,24.465,27.2325,27.2325,13997200,-1.93,40.23654949,12.44144115,-27.19025084,4735102400,33.58356584,1
2022/2/1,28.252501,29.1625,27.065001,28.15,28.15,13847600,0.922499,43.00435752,11.70844963,40.59956992,4748950000,31.93605766,0
2022/2/2,27.5875,27.965,24.514999,25.01,25.01,13116400,-1.6325,36.73419143,13.27528201,-31.10344225,4735833600,31.06019183,0
2022/2/3,25.375,26.735001,24.4275,24.807501,24.807501,10710000,-0.859999,36.3659443,13.09207284,-42.41551659,4725123600,30.26849933,0
2022/2/4,24.752501,26,23.77,25.584999,25.584999,7627200,-1.005001,38.89862784,12.41006478,-44.50989771,4732750800,29.70243267,1
2022/2/5,25.747499,26.344999,24.692499,25.584999,25.584999,7037600,0.547499,38.89862784,11.98497893,-10.87541672,4732750800,29.03313329,0
2022/2/6,25.747499,26.344999,24.692499,25.584999,25.584999,7037600,0.547499,38.89862784,11.98497893,-10.87541672,4732750800,29.03313329,0
2022/2/7,25.747499,26.344999,24.692499,25.584999,25.584999,7037600,0.547499,38.89862784,11.98497893,-10.87541672,4732750800,29.03313329,0
2022/2/8,25.440001,29.4175,25.137501,28.9,28.9,19839600,3.9525,48.94643223,10.91019195,134.7254829,4752590400,27.2409895,1
2022/2/9,28.522499,31.1775,28.25,31.0725,31.0725,15467600,5.257499,54.25551784,10.0955349,207.952909,4768058000,25.58900586,1
2022/2/10,29.487499,32.945,29,30.6175,30.6175,14826000,7.237501,53.01213401,10.43407856,174.3395518,4753232000,24.58473935,1
2022/2/11,30.620001,32.467499,30.192499,31.0625,31.0625,11299200,6.584999,54.11957858,10.07312493,147.4357855,4764531200,23.65220615,1
2022/2/12,30.7325,31.375,29.0375,29.272499,29.272499,9102800,2.039999,49.10599,10.49596503,84.49043573,4755428400,22.34519088,0
2022/2/13,30.7325,31.375,29.0375,29.272499,29.272499,9102800,2.039999,49.10599,10.49596503,84.49043573,4755428400,22.34519088,0
2022/2/14,30.7325,31.375,29.0375,29.272499,29.272499,9102800,2.039999,49.10599,10.49596503,84.49043573,4755428400,22.34519088,0
2022/2/15,30.24,31.807501,29.815001,31.540001,31.540001,7911600,3.390001,54.81624724,9.619668226,100.0160752,4763340000,21.27918674,1
2022/2/16,31.1075,33.212502,30.98,32.0825,32.0825,8007600,7.0725,56.08574082,9.278549033,110.9181922,4771347600,20.75873169,1
2022/2/17,31.692499,32.712502,30.555,30.852501,30.852501,6256400,6.045,52.48513927,9.458779004,78.70500549,4765091200,20.09142441,0
2022/2/18,31.049999,31.4125,29.532499,30.3825,30.3825,6214000,4.797501,51.13426985,9.361006578,45.08964247,4758877200,19.03153215,0
2022/2/19,29.549999,30.8325,28.547501,29.514999,29.514999,6156400,3.93,48.64554996,9.500835419,18.19284398,4752720800,17.70496993,0
2022/2/20,29.549999,30.8325,28.547501,29.514999,29.514999,6156400,3.93,48.64554996,9.500835419,18.19284398,4752720800,17.70496993,0
2022/2/21,29.549999,30.8325,28.547501,29.514999,29.514999,6156400,3.93,48.64554996,9.500835419,18.19284398,4752720800,17.70496993,0
2022/2/22,29.549999,30.8325,28.547501,29.514999,29.514999,6156400,3.93,48.64554996,9.500835419,18.19284398,4752720800,17.70496993,0
2022/2/23,30.305,30.84,28.57,28.717501,28.717501,5393200,-0.182499,46.40933471,9.631814319,3.340580295,4747327600,16.46997004,0
2022/2/24,26.3825,31.4275,26.030001,31.145,31.145,9024800,0.0725,53.4273678,9.484602402,-2.088850724,4756352400,16.31616671,1
2022/2/25,30.8925,31.2425,29.122499,29.645,29.645,6841200,-0.9725,49.1446506,9.763567317,4.385054926,4749511200,16.17334934,0
2022/2/26,30.25,31.5725,29.2225,30.834999,30.834999,6458000,-0.227501,52.40424709,9.260655841,21.36709926,4755969200,15.87251744,1
2022/2/27,30.25,31.5725,29.2225,30.834999,30.834999,6458000,-0.227501,52.40424709,9.260655841,21.36709926,4755969200,15.87251744,1
2022/2/28,30.25,31.5725,29.2225,30.834999,30.834999,6458000,-0.227501,52.40424709,9.260655841,21.36709926,4755969200,15.87251744,1
2022/3/1,30.547501,31.467501,29.5875,29.754999,29.754999,4384000,0.4825,49.31489669,9.362604863,-20.5142188,4751585200,15.59317353,0
2022/3/2,29.875,30.6675,29.092501,30.4925,30.4925,5242800,-1.047501,51.42096805,8.85251825,-39.36050503,4756828000,15.55135147,1
2022/3/3,30.74,30.934999,29.307501,29.602501,29.602501,4382400,-2.479999,48.78643634,8.860038466,-47.12563285,4752445600,15.35037438,0
2022/3/4,29.502501,30.127501,27.645,27.915001,27.915001,5911200,-2.9375,44.16593062,9.359742169,-167.2604448,4746534400,15.89108665,0
2022/3/5,28.75,28.75,24.025,24.8375,24.8375,12591600,-5.545,37.23917894,11.12690706,-286.2034181,4733942800,17.57603909,0
2022/3/6,28.75,28.75,24.025,24.8375,24.8375,12591600,-5.545,37.23917894,11.12690706,-286.2034181,4733942800,17.57603909,0
2022/3/7,28.75,28.75,24.025,24.8375,24.8375,12591600,-5.545,37.23917894,11.12690706,-286.2034181,4733942800,17.57603909,0
2022/3/8,25.2575,27.247499,24.272499,25.752501,25.752501,8536000,-3.762498,40.24013667,10.79018417,-205.6021399,4742478800,19.14063778,1
2022/3/9,26.745001,27.215,25.875,26.3025,26.3025,5598400,-2.415001,42.03432157,10.20710925,-126.0966378,4748077200,20.59347943,0
2022/3/10,25.98,26.014999,24.5625,25.139999,25.139999,5582000,-6.005001,39.34546055,10.41067885,-139.2614372,4742495200,22.32582462,0
2022/3/11,25.665001,25.725,23.172501,23.172501,23.172501,8822000,-6.472499,35.23708671,11.27465644,-142.1942219,4733673200,24.29622117,0
2022/3/12,23.3575,23.58,19.395,19.5275,19.5275,18134400,-11.307499,29.16190527,13.95433487,-181.0644331,4715538800,26.88377596,0
2022/3/13,23.3575,23.58,19.395,19.5275,19.5275,18134400,-11.307499,29.16190527,13.95433487,-181.0644331,4715538800,26.88377596,0
2022/3/14,23.3575,23.58,19.395,19.5275,19.5275,18134400,-11.307499,29.16190527,13.95433487,-181.0644331,4715538800,26.88377596,0
2022/3/15,20.525,21.889999,19.67,20.66,20.66,14115200,-9.094999,33.02552031,13.06410754,-145.7975866,4729654000,29.28650542,1
2022/3/16,21.2775,22.502501,20.5,21.715,21.715,10615600,-8.7775,36.50007477,12.20028322,-108.1915745,4740269600,31.07835771,1
2022/3/17,21.275,22.395,20.862499,21.924999,21.924999,13796400,-7.677502,37.19848302,11.71959347,-91.52313919,4754066000,32.74222056,1
2022/3/18,19.934999,24.362499,19.725,22.6975,22.6975,35688400,-5.217501,39.82059099,11.97151001,-68.52951879,4789754400,32.91006755,1
2022/3/19,22.5,24.85,22.440001,23.549999,23.549999,15812400,-1.287501,42.66554741,11.44496084,-28.91106823,4805566800,32.75471424,1
2022/3/20,22.5,24.85,22.440001,23.549999,23.549999,15812400,-1.287501,42.66554741,11.44496084,-28.91106823,4805566800,32.75471424,1
2022/3/21,22.5,24.85,22.440001,23.549999,23.549999,15812400,-1.287501,42.66554741,11.44496084,-28.91106823,4805566800,32.75471424,1
2022/3/22,23.85,31.4475,23.612499,30.785,30.785,60068800,5.032499,59.96401461,9.962237437,103.4608304,4865635600,31.20562273,1
2022/3/23,32.5,37.732498,31.637501,35.25,35.25,98399200,8.9475,66.65115319,9.486701182,226.6628344,4964034800,31.33625688,1
2022/3/24,33.502499,35.869999,31.690001,35.5975,35.5975,36400800,10.457501,67.1115698,9.561828412,178.631187,5000435600,31.45756001,1
2022/3/25,35.009998,39.540001,34.549999,37.987499,37.987499,53535600,14.814998,70.16267787,9.258503755,170.2393359,5053971200,32.25567129,1
2022/3/26,37.994999,47.709999,37.884998,47.397499,47.397499,65266000,27.869999,78.58607549,8.370990701,187.5559698,5119237200,34.04462059,1
2022/3/27,37.994999,47.709999,37.884998,47.397499,47.397499,65266000,27.869999,78.58607549,8.370990701,187.5559698,5119237200,34.04462059,1
2022/3/28,37.994999,47.709999,37.884998,47.397499,47.397499,65266000,27.869999,78.58607549,8.370990701,187.5559698,5119237200,34.04462059,1
2022/3/29,47.060001,49.852501,40.75,44.974998,44.974998,72046000,24.314998,72.8817381,9.637390096,147.2921233,5047191200,35.91120693,0
2022/3/30,43.75,45.834999,41.25,41.712502,41.712502,36676800,19.997502,65.93984051,10.43407751,102.6059453,5010514400,37.64446567,0
2022/3/31,40.775002,43.9375,39.627499,41.645,41.645,44968800,19.720001,65.80019146,10.44373244,79.12298047,4965545600,38.61492667,1
2022/4/1,47.224998,47.442501,38.814999,41.25,41.25,52758400,18.5525,64.93357973,11.28455461,74.73920575,4912787200,39.91663798,0
2022/4/2,41.744999,43.310001,39.127499,42.682499,42.682499,18519200,19.1325,66.64906629,10.82677371,61.55052823,4931306400,41.12536991,1
2022/4/3,41.744999,43.310001,39.127499,42.682499,42.682499,18519200,19.1325,66.64906629,10.82677371,61.55052823,4931306400,41.12536991,1
2022/4/4,41.744999,43.310001,39.127499,42.682499,42.682499,18519200,19.1325,66.64906629,10.82677371,61.55052823,4931306400,41.12536991,1
2022/4/5,42,42.107498,38,38.397499,38.397499,15825200,7.612499,57.57555827,12.04641098,35.47635031,4915481200,41.78693342,0
2022/4/6,37.752499,39.822498,37.424999,39.16,39.16,16268000,3.91,58.65422327,11.40545491,20.57476904,4931749200,42.163923,1
2022/4/7,38.5275,39.174999,35.392502,37.5,37.5,15311200,1.9025,55.35451277,11.78007368,-10.28026204,4916438000,41.69907875,0
2022/4/8,37.272499,37.677502,35.5075,36.547501,36.547501,10371600,-1.439998,53.49486883,11.64782809,-45.10937256,4906066400,41.26743766,0
2022/4/9,35.759998,37.055,35.1525,36.732498,36.732498,9812000,-10.665001,53.81937385,11.13132089,-71.18860859,4915878400,40.71671677,1
2022/4/10,35.759998,37.055,35.1525,36.732498,36.732498,9812000,-10.665001,53.81937385,11.13132089,-71.18860859,4915878400,40.71671677,1
2022/4/11,35.759998,37.055,35.1525,36.732498,36.732498,9812000,-10.665001,53.81937385,11.13132089,-71.18860859,4915878400,40.71671677,1
2022/4/12,36.625,38.0625,35.4175,36.217499,36.217499,7996400,-8.757499,52.71658043,11.0048537,-70.70995667,4907882000,40.41961153,0
2022/4/13,36.025002,38.032501,35.505001,37.674999,37.674999,8032800,-4.037503,55.49592364,10.30265951,-67.3491268,4915914800,40.14372809,1
2022/4/14,37.317501,39.125,36.805,37.692501,37.692501,10002400,-3.952499,55.52972755,10.00196095,-49.36103675,4925917200,40.13103652,1
2022/4/15,37.5,37.810001,34.310001,35.365002,35.365002,9871200,-5.884998,50.08177497,10.60569511,-90.18956045,4916046000,38.95231809,0
2022/4/16,37.5,37.810001,34.310001,35.365002,35.365002,9871200,-5.884998,50.08177497,10.60569511,-90.18956045,4916046000,38.95231809,0
2022/4/17,37.5,37.810001,34.310001,35.365002,35.365002,9871200,-5.884998,50.08177497,10.60569511,-90.18956045,4916046000,38.95231809,0
2022/4/18,37.5,37.810001,34.310001,35.365002,35.365002,9871200,-5.884998,50.08177497,10.60569511,-90.18956045,4916046000,38.95231809,0
2022/4/19,35.712502,38.244999,34.965,38.1175,38.1175,9416800,-4.564999,55.62620084,9.751642897,-49.83331579,4925462800,37.97478108,1
2022/4/20,38,38.0825,36.662498,37.212502,37.212502,4648000,-1.184997,53.5213105,9.554598892,-36.13248728,4920814800,37.06706815,0
2022/4/21,37.5,38.279999,34.977501,35.389999,35.389999,6737600,-3.770001,49.46221772,9.995573477,-72.72763113,4914077200,35.43790542,0
2022/4/22,35.637501,36.575001,33.887501,34.555,34.555,6278400,-2.945,47.67809976,10.06142043,-131.8275972,4907798800,33.45430596,0
2022/4/23,33.852501,34.927502,33.32,33.987499,33.987499,6139200,-2.560002,46.45174156,9.836581337,-177.744476,4901659600,31.37143679,1
2022/4/24,33.852501,34.927502,33.32,33.987499,33.987499,6139200,-2.560002,46.45174156,9.836581337,-177.744476,4901659600,31.37143679,1
2022/4/25,33.852501,34.927502,33.32,33.987499,33.987499,6139200,-2.560002,46.45174156,9.836581337,-177.744476,4901659600,31.37143679,1
2022/4/26,33.91,34.200001,31.540001,31.9,31.9,6182800,-4.832498,42.15632333,10.32729597,-220.5926923,4895476800,29.53684797,0
2022/4/27,31.817499,33.169998,31.145,32.459999,32.459999,5223600,-3.7575,43.66138832,9.869794858,-175.1594043,4900700400,27.98393184,1
2022/4/28,32.57,33.150002,30.125,32.327499,32.327499,7070000,-5.3475,43.37382046,9.870756309,-144.9306965,4893630400,26.92748806,0
2022/4/29,31.825001,32.7225,30.752501,31.2675,31.2675,5143600,-6.425001,41.04479029,9.926462076,-123.482822,4888486800,25.94650454,0
2022/4/30,30.9125,31.3475,28.174999,29.8925,29.8925,10172000,-5.472502,38.18078255,10.39948766,-143.3880576,4878314800,25.94358741,0
2022/5/1,30.9125,31.3475,28.174999,29.8925,29.8925,10172000,-5.472502,38.18078255,10.39948766,-143.3880576,4878314800,25.94358741,0
2022/5/2,30.9125,31.3475,28.174999,29.8925,29.8925,10172000,-5.472502,38.18078255,10.39948766,-143.3880576,4878314800,25.94358741,0
2022/5/3,29.620001,31.1075,28.605,30.1075,30.1075,7312800,-8.01,38.89872048,10.18141399,-115.1785704,4885627600,25.94087864,1
2022/5/4,29.8025,31.9375,28.93,31.77,31.77,6651200,-5.442502,44.28674771,9.635617568,-77.17538045,4892278800,25.47202444,1
2022/5/5,30.985001,31.17,28.780001,29.782499,29.782499,7015600,-5.6075,39.77149765,10.2615545,-91.8202243,4885263200,25.09419716,0
2022/5/6,29.32,30.139999,27.557501,28.674999,28.674999,7161600,-5.880001,37.47846182,10.53989668,-110.2070411,4878101600,25.2030081,0
2022/5/7,27.695,27.695,24.52,24.6975,24.6975,13264800,-9.289999,30.64488709,12.56492053,-176.9312284,4864836800,26.23416222,0
2022/5/8,27.695,27.695,24.52,24.6975,24.6975,13264800,-9.289999,30.64488709,12.56492053,-176.9312284,4864836800,26.23416222,0
2022/5/9,27.695,27.695,24.52,24.6975,24.6975,13264800,-9.289999,30.64488709,12.56492053,-176.9312284,4864836800,26.23416222,0
2022/5/10,25.745001,26.514999,22,23.375,23.375,16603200,-8.525,28.76675007,13.70721932,-186.7411097,4848233600,27.78166962,0
2022/5/11,23.3675,23.817499,20,20.3325,20.3325,16681200,-12.127499,24.97458586,15.97383208,-201.3651833,4831552400,29.60833294,0
2022/5/12,20.76,27.014999,19.442499,22.3925,22.3925,40139600,-9.934999,31.55370286,15.88380431,-126.9691887,4871692000,29.6313034,1
2022/5/13,24.75,26.695,23.76,24.5975,24.5975,23930800,-6.67,37.83738936,14.67647741,-68.06793354,4895622800,29.65263312,0
2022/5/14,24.700001,24.795,22.695,22.950001,22.950001,11582000,-6.942499,35.23462163,15.26006933,-82.88626421,4884040800,29.95130643,0
2022/5/15,24.700001,24.795,22.695,22.950001,22.950001,11582000,-6.942499,35.23462163,15.26006933,-82.88626421,4884040800,29.95130643,0
2022/5/16,24.700001,24.795,22.695,22.950001,22.950001,11582000,-6.942499,35.23462163,15.26006933,-82.88626421,4884040800,29.95130643,0
2022/5/17,23.475,25.094999,22.799999,25.094999,25.094999,10444800,-5.012501,40.93173521,13.61210849,-56.38445153,4894485600,30.06975211,1
2022/5/18,24.094999,24.959999,22.5425,22.870001,22.870001,11560000,-8.899999,37.2694484,14.66673661,-65.16472445,4882925600,30.2536561,0
2022/5/19,22.805,25.495001,22.540001,24.797501,24.797501,12720400,-4.984998,42.1022948,13.41168455,-41.15255243,4895646000,30.11414547,1
2022/5/20,24.952499,25.602501,22.4375,23.915001,23.915001,9972000,-4.759998,40.56150649,13.85858038,-42.79789595,4885674000,29.92011436,0
2022/5/21,24.1425,24.32,22.875,24.032499,24.032499,6994000,-0.665001,40.8717713,13.23524309,-44.00577354,4892668000,29.73994261,0
2022/5/22,24.1425,24.32,22.875,24.032499,24.032499,6994000,-0.665001,40.8717713,13.23524309,-44.00577354,4892668000,29.73994261,0
2022/5/23,24.1425,24.32,22.875,24.032499,24.032499,6994000,-0.665001,40.8717713,13.23524309,-44.00577354,4892668000,29.73994261,0
2022/5/24,23.512501,23.549999,21.674999,22.2875,22.2875,8879600,-1.0875,37.72246983,14.00765183,-84.18537485,4883788400,30.00561578,0
2022/5/25,22.535,28.8675,22.535,28.7925,28.7925,40060000,8.46,52.43571704,11.70081996,126.0473874,4923848400,28.18841728,1
2022/5/26,29,37.115002,28.674999,32.115002,32.115002,57892400,9.722502,57.90589065,11.61817161,321.111506,4981740800,28.69905921,1
2022/5/27,35.25,35.924999,31.75,34.302502,34.302502,30045200,9.705002,61.07958509,10.9696887,230.7275276,5011786000,29.17322671,0
2022/5/28,34.302502,34.982498,30.129999,31.184999,31.184999,19084400,8.234998,54.74482254,12.31588232,131.9473941,4992701600,28.95203439,0
2022/5/29,34.302502,34.982498,30.129999,31.184999,31.184999,19084400,8.234998,54.74482254,12.31588232,131.9473941,4992701600,28.95203439,0
2022/5/30,34.302502,34.982498,30.129999,31.184999,31.184999,19084400,8.234998,54.74482254,12.31588232,131.9473941,4992701600,28.95203439,0
2022/5/31,34.302502,34.982498,30.129999,31.184999,31.184999,19084400,8.234998,54.74482254,12.31588232,131.9473941,4992701600,28.95203439,0
2022/6/1,30.705,32.397499,29.252501,30.35,30.35,14991600,5.255001,53.15466766,12.49098591,82.48989528,4977710000,28.40097496,0
2022/6/2,29.75,34.125,28.889999,33.5,33.5,27918800,10.629999,58.09922801,11.62434667,90.81357667,5005628800,28.31265024,1
2022/6/3,32.5,34.525002,31.057501,33.424999,33.424999,18234400,8.627498,57.94240886,11.5592547,87.1278199,4987394400,28.32646414,1
2022/6/4,33.825001,34.025002,31.762501,32.025002,32.025002,9532800,8.110001,54.96030611,11.70744903,69.0917303,4977861600,28.33929134,0
2022/6/5,33.825001,34.025002,31.762501,32.025002,32.025002,9532800,8.110001,54.96030611,11.70744903,69.0917303,4977861600,28.33929134,0
2022/6/6,33.825001,34.025002,31.762501,32.025002,32.025002,9532800,8.110001,54.96030611,11.70744903,69.0917303,4977861600,28.33929134,0
2022/6/7,32.5,37.4725,31.5825,36.625,36.625,24967600,12.592501,61.89899897,10.65451784,96.37425138,5002829200,29.14524215,1
2022/6/8,35.3475,38.25,33.9575,34.682499,34.682499,24473600,12.394999,57.84628461,11.33163589,93.04792601,4978355600,30.05056361,0
2022/6/9,34.697498,34.974998,31.834999,32.244999,32.244999,13114400,3.452499,53.14424117,12.01320897,45.07578227,4965241200,29.91221824,0
2022/6/10,31.5,32.982498,30.785,32.272499,32.272499,11820000,0.157497,53.19047057,11.63198833,19.34072003,4977061200,29.33566623,1
2022/6/11,30.127501,31.1425,28.575001,29.5625,29.5625,13792800,-4.740002,48.14893301,12.68465868,-50.91566604,4963268400,27.93086089,0
2022/6/12,30.127501,31.1425,28.575001,29.5625,29.5625,13792800,-4.740002,48.14893301,12.68465868,-50.91566604,4963268400,27.93086089,0
2022/6/13,30.127501,31.1425,28.575001,29.5625,29.5625,13792800,-4.740002,48.14893301,12.68465868,-50.91566604,4963268400,27.93086089,0
2022/6/14,29.3925,32,29.025,31.5425,31.5425,12739200,0.357501,51.74750112,11.71293355,-56.32011413,4976007600,26.88495263,1
2022/6/15,31.237499,32.990002,30.91,32.322498,32.322498,10764400,1.972498,53.1275753,11.07348528,-27.16998104,4986772000,26.2076933,1
2022/6/16,31.235001,32.322498,30.145,31.432501,31.432501,9995200,-2.067499,51.32380511,11.06849104,-61.94926862,4976776800,25.26020592,1
2022/6/17,31.715,33.965,31.58,33.785,33.785,12340800,0.360001,55.61360174,10.09764376,40.57897616,4989117600,24.88254924,1
2022/6/18,34.555,36.349998,33.880001,35.07,35.07,12512400,3.044998,57.80125258,9.55524752,123.2426507,5001630000,25.17276695,1
2022/6/19,34.555,36.349998,33.880001,35.07,35.07,12512400,3.044998,57.80125258,9.55524752,123.2426507,5001630000,25.17276695,1
2022/6/20,34.555,36.349998,33.880001,35.07,35.07,12512400,3.044998,57.80125258,9.55524752,123.2426507,5001630000,25.17276695,1
2022/6/21,34.555,36.349998,33.880001,35.07,35.07,12512400,3.044998,57.80125258,9.55524752,123.2426507,5001630000,25.17276695,1
2022/6/22,34.6675,36.182499,34.107498,34.615002,34.615002,7838000,-2.009998,56.73497564,9.417537264,99.33137234,4993792000,25.44225482,0
2022/6/23,35.41,35.997501,34.182499,35.505001,35.505001,6682800,0.822502,58.35334485,8.890790032,93.22943007,5000474800,25.69249356,1
2022/6/24,35.75,37.092499,32.8825,33.802502,33.802502,16995600,1.557503,54.1784168,9.561163585,55.72494605,4983479200,25.27169214,0
2022/6/25,34.1175,34.262501,31.825001,32.422501,32.422501,9745600,0.150002,50.99365744,9.793102516,-17.93315356,4973733600,24.38042448,0
2022/6/26,34.1175,34.262501,31.825001,32.422501,32.422501,9745600,0.150002,50.99365744,9.793102516,-17.93315356,4973733600,24.38042448,0
2022/6/27,34.1175,34.262501,31.825001,32.422501,32.422501,9745600,0.150002,50.99365744,9.793102516,-17.93315356,4973733600,24.38042448,0
2022/6/28,32.752499,32.8325,30.57,31.094999,31.094999,6610000,1.532499,48.06658135,10.00153798,-65.69679253,4967123600,22.99243168,0
2022/6/29,30.387501,31.622499,29.897499,30.715,30.715,6826400,-0.8275,47.23083322,9.803194289,-86.28816406,4960297200,21.41429952,1
2022/6/30,29.842501,31.647499,29.440001,30.575001,30.575001,6718800,-1.747497,46.90724014,9.660357734,-81.51727891,4953578400,20.01867625,1
2022/7/1,30.282499,31.2925,29.8225,30.855,30.855,6617200,-0.577501,47.67932175,9.229230771,-69.38071797,4960195600,18.72274035,1
2022/7/2,30.375,30.620001,29.752501,30.057501,30.057501,6036000,-3.727499,45.64338581,9.059380648,-92.49813123,4954159600,17.5534006,0
2022/7/3,30.375,30.620001,29.752501,30.057501,30.057501,6036000,-3.727499,45.64338581,9.059380648,-92.49813123,4954159600,17.5534006,0
2022/7/4,30.375,30.620001,29.752501,30.057501,30.057501,6036000,-3.727499,45.64338581,9.059380648,-92.49813123,4954159600,17.5534006,0
2022/7/5,30.375,30.620001,29.752501,30.057501,30.057501,6036000,-3.727499,45.64338581,9.059380648,-92.49813123,4954159600,17.5534006,0
2022/7/6,30.172501,30.57,28.342501,29.3575,29.3575,9988800,-5.7125,43.87254286,9.15482867,-111.7510042,4944170800,17.13218891,0
2022/7/7,31.122499,33.875,30.452499,33.779999,33.779999,30313600,-0.835003,55.59434186,8.343203061,13.69577426,4974484400,16.62223002,1
2022/7/8,31.665001,33.1675,30.627501,32.134998,32.134998,13199600,-3.370003,51.30252894,8.844571188,-16.60532049,4961284800,16.14869677,1
2022/7/9,32.139999,32.935001,31.1625,32.522499,32.522499,7532800,-1.280003,52.23790215,8.504252716,-5.068771558,4968817600,15.70898732,1
2022/7/10,32.139999,32.935001,31.1625,32.522499,32.522499,7532800,-1.280003,52.23790215,8.504252716,-5.068771558,4968817600,15.70898732,1
2022/7/11,32.139999,32.935001,31.1625,32.522499,32.522499,7532800,-1.280003,52.23790215,8.504252716,-5.068771558,4968817600,15.70898732,1
2022/7/12,32.700001,35.647499,31.815001,34.279999,34.279999,16899600,1.857498,56.33450703,8.290515236,72.30477751,4985717200,16.36661989,1
2022/7/13,33.75,36.337502,33.75,35.32,35.32,13703600,4.225001,58.59753533,7.994934683,123.6464778,4999420800,17.21028987,1
2022/7/14,34.797501,37.987499,34.049999,34.049999,34.049999,20970400,3.334999,54.85857281,8.526755461,132.0420302,4978450400,18.50992711,0
2022/7/15,34.860001,35.592499,33.5075,35.41,35.41,9832400,4.834999,57.952644,8.034187465,107.4909105,4988282800,19.38398429,1
2022/7/16,36.25,37.400002,35.775002,36.66,36.66,11155200,5.805,60.62405941,7.59367492,143.0527826,4999438000,20.73915238,1
2022/7/17,36.25,37.400002,35.775002,36.66,36.66,11155200,5.805,60.62405941,7.59367492,143.0527826,4999438000,20.73915238,1
2022/7/18,36.25,37.400002,35.775002,36.66,36.66,11155200,5.805,60.62405941,7.59367492,143.0527826,4999438000,20.73915238,1
2022/7/19,37.435001,39.209999,36.587502,37.924999,37.924999,12828000,7.867498,63.17395648,7.30999792,145.5638305,5012266000,22.46400098,1
2022/7/20,38.5,40.407501,38.349998,39.6875,39.6875,11400400,10.33,66.43531236,6.933204643,153.2971079,5023666400,24.34194294,1
2022/7/21,39.93,40,37.290001,38.3675,38.3675,9277600,4.587501,62.00628765,7.163987695,109.9929223,5014388800,25.41942861,0
2022/7/22,36.880001,38.700001,34.93,35.779999,35.779999,10060200,3.645001,54.35646132,7.885961996,49.60871441,5004328600,25.11824152,0
2022/7/23,35,35.509998,33.25,33.98,33.98,5686300,1.457501,49.75758665,8.242403431,-20.68510652,4998642300,24.05008922,0
2022/7/24,35,35.509998,33.25,33.98,33.98,5686300,1.457501,49.75758665,8.242403431,-20.68510652,4998642300,24.05008922,0
2022/7/25,35,35.509998,33.25,33.98,33.98,5686300,1.457501,49.75758665,8.242403431,-20.68510652,4998642300,24.05008922,0
2022/7/26,32.869999,33.310001,32.099998,32.43,32.43,4866100,-1.849999,46.13765761,8.433548063,-87.35079672,4993776200,22.56315957,0
2022/7/27,32.959999,34.119999,32.16,33.779999,33.779999,4251200,-1.540001,49.57833805,7.932630337,-64.7502659,4998027400,21.49727232,1
2022/7/28,33.389999,34.43,32.66,33.84,33.84,3207400,-0.209999,49.73203319,7.726560248,-62.07394919,5001234800,20.6290881,1
2022/7/29,33.68,34.790001,33.060001,34.009998,34.009998,3988800,-1.400002,50.19524942,7.502139275,-58.32365202,5005223600,19.9687893,1
2022/7/30,33.799999,35.709999,33.77,34.779999,34.779999,4196600,-1.880001,52.33764708,7.210467106,-29.93890264,5009420200,19.72516149,1
2022/7/31,33.799999,35.709999,33.77,34.779999,34.779999,4196600,-1.880001,52.33764708,7.210467106,-29.93890264,5009420200,19.72516149,1
2022/8/1,33.799999,35.709999,33.77,34.779999,34.779999,4196600,-1.880001,52.33764708,7.210467106,-29.93890264,5009420200,19.72516149,1
2022/8/2,35.900002,36.799999,35.119999,35.84,35.84,4697100,-2.084999,55.19494794,6.899993032,14.81611988,5014117300,19.91210063,0
2022/8/3,36.220001,38.009998,36,37.93,37.93,5186500,-1.7575,60.25430451,6.462740675,60.96282927,5019303800,20.51019819,1
2022/8/4,38.34,39.889999,37.889999,38.360001,38.360001,5421500,-0.007499,61.22444404,6.306257842,96.49517317,5024725300,21.64706153,1
2022/8/5,37.369999,40.43,36.560001,40.02,40.02,8124200,4.240001,64.79675936,6.303642183,92.3664386,5032849500,21.92703614,1
2022/8/6,41.290001,47.990002,40.75,43.450001,43.450001,17987100,9.470001,70.78579536,6.701517325,197.7735244,5050836600,23.9288982,1
2022/8/7,41.290001,47.990002,40.75,43.450001,43.450001,17987100,9.470001,70.78579536,6.701517325,197.7735244,5050836600,23.9288982,1
2022/8/8,41.290001,47.990002,40.75,43.450001,43.450001,17987100,9.470001,70.78579536,6.701517325,197.7735244,5050836600,23.9288982,1
2022/8/9,42.139999,43.189999,39,40.369999,40.369999,6954200,7.939999,60.78544304,7.484964706,105.6914106,5043882400,24.97902348,0
2022/8/10,42,42,38.630001,40.529999,40.529999,5434700,6.75,61.09294733,7.516802784,85.70335359,5049317100,25.78677642,0
2022/8/11,40.91,41.970001,39.349998,39.450001,39.450001,5140500,5.610001,57.79831682,7.645352732,70.48765123,5044176600,26.53683273,0
2022/8/12,40,41.43,39.150002,40.740002,40.740002,5120000,6.730004,60.53591354,7.274210752,64.6535159,5049296600,27.13125015,1
2022/8/13,39.75,40.389999,38.810001,39.68,39.68,5243100,4.900001,57.24956794,7.282488097,39.08485093,5044053500,27.50179168,0
2022/8/14,39.75,40.389999,38.810001,39.68,39.68,5243100,4.900001,57.24956794,7.282488097,39.08485093,5044053500,27.50179168,0
2022/8/15,39.75,40.389999,38.810001,39.68,39.68,5243100,4.900001,57.24956794,7.282488097,39.08485093,5044053500,27.50179168,0
2022/8/16,39.169998,45.529999,38.599998,42.189999,42.189999,23602800,6.349999,62.44813016,7.533265949,91.55731552,5067656300,28.98032159,1
2022/8/17,42.18,44.360001,40.41,40.52,40.52,9766400,2.59,57.4430867,7.979781372,75.4675059,5057889900,30.35324222,0
2022/8/18,39.27,40.07,37.34,37.93,37.93,8145400,-0.430001,50.66145351,8.5146127,-39.08779057,5049744500,30.14795416,0
2022/8/19,35.18,37.189999,34.669998,36.490002,36.490002,9551900,-3.529998,47.31674557,8.856575829,-133.1086822,5040192600,28.90293777,1
2022/8/20,34.310001,36.200001,34.200001,34.5,34.5,5798600,-8.950001,43.0835499,9.172451773,-166.8192996,5034394000,27.57391214,1
2022/8/21,34.310001,36.200001,34.200001,34.5,34.5,5798600,-8.950001,43.0835499,9.172451773,-166.8192996,5034394000,27.57391214,1
2022/8/22,34.310001,36.200001,34.200001,34.5,34.5,5798600,-8.950001,43.0835499,9.172451773,-166.8192996,5034394000,27.57391214,1
2022/8/23,34.700001,34.990002,33.450001,33.529999,33.529999,4836300,-6.84,41.15097235,9.091740547,-168.7259086,5029557700,26.05935672,0
2022/8/24,34,34.939999,32.439999,32.5,32.5,5620300,-8.029999,39.14312694,9.259337733,-147.157878,5023937400,24.27998064,0
2022/8/25,32.84,32.889999,31.5,31.959999,31.959999,4726300,-7.490002,38.09371514,9.053884809,-135.6185524,5019211100,22.80251827,0
2022/8/26,31.5,32.380001,30.629999,30.940001,30.940001,4297300,-9.800001,36.12368911,9.088346144,-123.7992855,5014913800,21.73809664,0
2022/8/27,30.48,32.75,30.379999,31.549999,31.549999,4292700,-8.130001,38.18262566,8.812576245,-100.0626499,5019206500,20.59523118,1
2022/8/28,30.48,32.75,30.379999,31.549999,31.549999,4292700,-8.130001,38.18262566,8.812576245,-100.0626499,5019206500,20.59523118,1
2022/8/29,30.48,32.75,30.379999,31.549999,31.549999,4292700,-8.130001,38.18262566,8.812576245,-100.0626499,5019206500,20.59523118,1
2022/8/30,31.620001,31.870001,29.42,29.84,29.84,5060200,-12.349999,34.79658699,9.238505679,-105.5149695,5014146300,19.89107251,0
2022/8/31,28,28.91,26.950001,27.629999,27.629999,5293900,-12.890001,30.9736291,10.01189484,-129.7291056,5008852400,20.05409381,0
2022/9/1,28,28.91,26.950001,27.629999,27.629999,5293900,-12.890001,30.9736291,10.01189484,-129.7291056,5008852400,20.05409381,0